voter_id,first_name,last_name,birth_year,address_line,city,postal_code,latitude,longitude,registration_status,reported_district,source_file,last_updated,received_date,matched_district,duplicate_id_flag,duplicate_person_address_flag,missing_address_flag,invalid_postal_code_flag,missing_location_flag,out_of_region_flag,unmatched_district_flag,district_mismatch_flag,stale_record_flag,anomaly_count,anomaly_types,needs_review
SIM-VR-00001,Drew,Sample,1985,1087 Cook St,Esquimalt,V2P 9H7,48.410287,-123.435799,Active,Esquimalt-Metchosin,Contact_Centre_Update_2026Q2.csv,2024-11-15,2026-06-02,Esquimalt-Metchosin,0,0,0,0,0,0,0,0,1,1,stale_record,1
SIM-VR-00002,Casey,Mock,1971,282 Douglas St,Oak Bay,V3S 0E0,48.430433,-123.330442,Pending Review,Oak Bay-Gordon Head,Contact_Centre_Update_2026Q2.csv,2024-09-18,2026-06-17,Oak Bay-Gordon Head,0,0,0,0,0,0,0,0,1,1,stale_record,1
SIM-VR-00003,Jamie,Public,1960,8882 Bay St,Esquimalt,V2H 4Y8,48.436478,-123.438479,Inactive,Esquimalt-Metchosin,Online_Registration_Extract_2026Q2.csv,2026-03-10,2026-06-20,Esquimalt-Metchosin,0,0,0,0,0,0,0,0,0,0,,0
SIM-VR-00004,Parker,Public,1973,4404 Harbour View Rd,Saanich,V5S 5G3,48.485528,-123.357501,Active,Saanich South,Contact_Centre_Update_2026Q2.csv,2025-02-21,2026-06-20,Saanich South,0,0,0,0,0,0,0,0,1,1,stale_record,1
SIM-VR-00005,Drew,Demo,2001,9566 Douglas St,Oak Bay,V9T 3G2,48.468959,-123.306734,Active,Victoria-Beacon Hill,Federal_Electors_Extract_2026Q2.csv,2025-07-30,2026-05-04,Oak Bay-Gordon Head,0,0,0,0,0,0,0,1,0,1,district_mismatch,1
SIM-VR-00006,Jamie,Example,1944,5838 Gorge Rd,Saanich,V5A 7V6,48.475943,-123.390892,Active,Victoria-Swan Lake,Federal_Electors_Extract_2026Q2.csv,2024-12-16,2026-06-20,Saanich South,0,0,0,0,0,0,0,1,1,2,district_mismatch; stale_record,1
SIM-VR-00007,Casey,Demo,1969,2040 Harbour View Rd,Victoria,V5P 4S3,48.44719,-123.388842,Active,Victoria-Swan Lake,VitalStats_Status_Update_2026Q2.csv,2025-07-30,2026-05-01,Victoria-Swan Lake,0,0,0,0,0,0,0,0,0,0,,0
SIM-VR-00008,Drew,Sample,2002,3212 Cook St,Victoria,V2Y 3E2,48.41058,-123.387027,Active,Victoria-Beacon Hill,VitalStats_Status_Update_2026Q2.csv,2025-02-25,2026-05-23,Victoria-Beacon Hill,0,0,0,0,0,0,0,0,1,1,stale_record,1
SIM-VR-00009,Casey,Mock,2008,9787 Pandora Ave,Oak Bay,V1V 1X6,48.448447,-123.331743,Active,Oak Bay-Gordon Head,Contact_Centre_Update_2026Q2.csv,2025-02-25,2026-05-18,Oak Bay-Gordon Head,0,0,0,0,0,0,0,0,1,1,stale_record,1
SIM-VR-00010,Jordan,Practice,1955,3654 Admirals Rd,Victoria,V7V 9B6,48.455552,-123.350532,Active,Victoria-Swan Lake,VitalStats_Status_Update_2026Q2.csv,2024-11-17,2026-05-27,Victoria-Swan Lake,0,0,0,0,0,0,0,0,1,1,stale_record,1
SIM-VR-00011,Alex,Training,1978,5003 Pandora Ave,Oak Bay,V3J 4T0,48.458924,-123.326026,Active,Oak Bay-Gordon Head,Federal_Electors_Extract_2026Q2.csv,2024-07-11,2026-05-02,Oak Bay-Gordon Head,0,0,0,0,0,0,0,0,1,1,stale_record,1
SIM-VR-00012,Hayden,Example,2006,3300 Fort St,Oak Bay,V9R 0A9,48.462078,-123.295747,Active,Oak Bay-Gordon Head,ICBC_Address_Update_2026Q2.csv,2025-07-17,2026-05-18,Oak Bay-Gordon Head,0,1,0,0,0,0,0,0,0,1,duplicate_person_address,1
SIM-VR-00013,Reese,Demo,1983,3400 Shelbourne St,Saanich,V9B 7A1,48.472471,-123.379922,Active,Saanich South,ICBC_Address_Update_2026Q2.csv,2026-01-29,2026-05-19,Saanich South,0,0,0,0,0,0,0,0,0,0,,0
SIM-VR-00014,Reese,Synthetic,1996,6358 Admirals Rd,Oak Bay,V5C 1E5,48.429768,-123.299034,Active,Oak Bay-Gordon Head,ICBC_Address_Update_2026Q2.csv,2025-07-21,2026-06-15,Oak Bay-Gordon Head,0,0,0,0,0,0,0,0,0,0,,0
SIM-VR-00015,Jamie,Practice,1984,504 Cedar Hill Rd,Esquimalt,V2C 4H7,48.433881,-123.436998,Active,Esquimalt-Metchosin,VitalStats_Status_Update_2026Q2.csv,2026-06-07,2026-05-01,Esquimalt-Metchosin,0,0,0,0,0,0,0,0,0,0,,0
SIM-VR-00016,Jamie,Public,1960,4640 Admirals Rd,Victoria,12345,48.42676,-123.368266,Inactive,Victoria-Beacon Hill,VitalStats_Status_Update_2026Q2.csv,2026-03-04,2026-05-16,Victoria-Beacon Hill,0,0,0,1,0,0,0,0,0,1,invalid_postal_code,1
SIM-VR-00017,Jamie,Training,1984,8943 Cedar Hill Rd,Saanich,V7H 8J4,48.489814,-123.377443,Active,Saanich South,Contact_Centre_Update_2026Q2.csv,2025-01-20,2026-06-24,Saanich South,0,0,0,0,0,0,0,0,1,1,stale_record,1
SIM-VR-00018,Reese,Placeholder,1985,2411 Bay St,Victoria,V1V 2Y8,48.419509,-123.389279,Pending Review,Victoria-Beacon Hill,Contact_Centre_Update_2026Q2.csv,2025-11-10,2026-05-23,Victoria-Beacon Hill,0,0,0,0,0,0,0,0,0,0,,1
SIM-VR-00019,Morgan,Placeholder,1952,5278 Cook St,Saanich,V4E 8C0,48.471644,-123.373314,Pending Review,Saanich South,ICBC_Address_Update_2026Q2.csv,2026-03-19,2026-05-03,Saanich South,0,0,0,0,0,0,0,0,0,0,,1
SIM-VR-00020,Hayden,Synthetic,1986,3915 Fort St,Victoria,V9V 9S2,48.436776,-123.359298,Active,Victoria-Swan Lake,Online_Registration_Extract_2026Q2.csv,2025-08-28,2026-05-01,Victoria-Swan Lake,0,0,0,0,0,0,0,0,0,0,,0
SIM-VR-00021,Quinn,Practice,2001,2513 Douglas St,Saanich,V6N 1V3,48.468916,-123.390678,Active,Saanich South,ICBC_Address_Update_2026Q2.csv,2025-02-27,2026-06-19,Saanich South,0,0,0,0,0,0,0,0,1,1,stale_record,1
SIM-VR-00022,Hayden,Mock,1984,715 Pandora Ave,Victoria,V3V 5G5,48.440431,-123.348475,Pending Review,Victoria-Swan Lake,VitalStats_Status_Update_2026Q2.csv,2024-11-07,2026-06-02,Victoria-Swan Lake,0,0,0,0,0,0,0,0,1,1,stale_record,1
SIM-VR-00023,Reese,Sample,1985,326 Hillside Ave,Oak Bay,V0P 5T8,48.463589,-123.309845,Active,Oak Bay-Gordon Head,ICBC_Address_Update_2026Q2.csv,2025-11-24,2026-05-25,Oak Bay-Gordon Head,0,0,0,0,0,0,0,0,0,0,,0
SIM-VR-00024,Sam,Mock,1962,8342 Bay St,Esquimalt,V4V 7B2,48.427129,-123.430673,Active,Esquimalt-Metchosin,Contact_Centre_Update_2026Q2.csv,2026-02-08,2026-05-31,Esquimalt-Metchosin,0,0,0,0,0,0,0,0,0,0,,0
SIM-VR-00025,Hayden,Sample,2004,287 Bay St,Oak Bay,V1R 1B6,48.467754,-123.297674,Active,Oak Bay-Gordon Head,VitalStats_Status_Update_2026Q2.csv,2026-03-20,2026-05-07,Oak Bay-Gordon Head,0,0,0,0,0,0,0,0,0,0,,0
SIM-VR-00026,Taylor,Synthetic,1989,5110 Harbour View Rd,Victoria,V4Y 1V3,48.445203,-123.391514,Active,Victoria-Swan Lake,ICBC_Address_Update_2026Q2.csv,2025-06-07,2026-06-17,Victoria-Swan Lake,0,0,0,0,0,0,0,0,1,1,stale_record,1
SIM-VR-00027,Avery,Mock,1992,2692 Tillicum Rd,Esquimalt,V8S 7E1,48.429549,-123.397143,Active,Esquimalt-Metchosin,VitalStats_Status_Update_2026Q2.csv,2024-08-21,2026-06-23,Esquimalt-Metchosin,0,0,0,0,0,0,0,0,1,1,stale_record,1
SIM-VR-00028,Riley,Practice,1952,8590 Gorge Rd,Victoria,V2G 1S1,48.407122,-123.375628,Active,Victoria-Beacon Hill,Federal_Electors_Extract_2026Q2.csv,2025-03-29,2026-05-07,Victoria-Beacon Hill,0,0,0,0,0,0,0,0,1,1,stale_record,1
SIM-VR-00029,Jordan,Placeholder,1968,6568 Hillside Ave,Oak Bay,V6X 9V8,49.238589,-122.846709,Active,Oak Bay-Gordon Head,Online_Registration_Extract_2026Q2.csv,2025-07-20,2026-06-22,,0,0,0,0,0,1,1,0,0,2,out_of_region; unmatched_district,1
SIM-VR-00030,Sam,Public,2003,1934 Admirals Rd,Victoria,V4H 4P9,48.450535,-123.369266,Active,Victoria-Swan Lake,VitalStats_Status_Update_2026Q2.csv,2025-07-21,2026-06-25,Victoria-Swan Lake,0,0,0,0,0,0,0,0,0,0,,0
SIM-VR-00031,Quinn,Test,1951,9472 Harbour View Rd,Esquimalt,V7J 2J8,48.432481,-123.39746,Active,Esquimalt-Metchosin,Online_Registration_Extract_2026Q2.csv,2025-08-04,2026-05-31,Esquimalt-Metchosin,0,0,0,0,0,0,0,0,0,0,,0
SIM-VR-00032,Quinn,Demo,1972,1231 Tillicum Rd,Esquimalt,V2Y 3E7,48.450455,-123.413232,Active,Esquimalt-Metchosin,Contact_Centre_Update_2026Q2.csv,2025-12-22,2026-05-29,Esquimalt-Metchosin,0,0,0,0,0,0,0,0,0,0,,0
SIM-VR-00033,Hayden,Placeholder,2001,6929 Douglas St,Esquimalt,V7C 9T9,48.428964,-123.43905,Active,Esquimalt-Metchosin,Contact_Centre_Update_2026Q2.csv,2026-02-27,2026-06-01,Esquimalt-Metchosin,0,0,0,0,0,0,0,0,0,0,,0
SIM-VR-00034,Jamie,Mock,1944,2448 Pandora Ave,Oak Bay,V0J 5V4,48.44872,-123.302259,Active,Oak Bay-Gordon Head,VitalStats_Status_Update_2026Q2.csv,2026-01-06,2026-06-03,Oak Bay-Gordon Head,0,0,0,0,0,0,0,0,0,0,,0
SIM-VR-00035,Reese,Synthetic,1989,4578 Admirals Rd,Saanich,V6S 2E5,48.468519,-123.354941,Active,Saanich South,Federal_Electors_Extract_2026Q2.csv,2025-02-07,2026-06-04,Saanich South,0,0,0,0,0,0,0,0,1,1,stale_record,1
SIM-VR-00036,Drew,Mock,2000,,Esquimalt,V9A 5T1,48.43621,-123.430889,Active,Esquimalt-Metchosin,Contact_Centre_Update_2026Q2.csv,2026-02-07,2026-06-14,Esquimalt-Metchosin,0,0,1,0,0,0,0,0,0,1,missing_address,1
SIM-VR-00037,Rowan,Training,1995,7122 Fort St,Victoria,V3H 7P7,48.409115,-123.365584,Active,Victoria-Beacon Hill,Online_Registration_Extract_2026Q2.csv,2025-03-13,2026-06-04,Victoria-Beacon Hill,0,0,0,0,0,0,0,0,1,1,stale_record,1
SIM-VR-00038,Quinn,Training,1959,,Oak Bay,V1G 4G6,48.425844,-123.300604,Active,Oak Bay-Gordon Head,VitalStats_Status_Update_2026Q2.csv,2025-05-22,2026-05-12,Oak Bay-Gordon Head,0,0,1,0,0,0,0,0,1,2,missing_address; stale_record,1
SIM-VR-00039,Morgan,Training,1958,8095 Harbour View Rd,Victoria,V2X 4Y9,48.442032,-123.363066,Active,Victoria-Swan Lake,ICBC_Address_Update_2026Q2.csv,2025-08-18,2026-06-19,Victoria-Swan Lake,0,0,0,0,0,0,0,0,0,0,,0
SIM-VR-00040,Alex,Practice,1984,5554 Admirals Rd,Victoria,V2E 5H4,48.42515,-123.389886,Active,Victoria-Beacon Hill,ICBC_Address_Update_2026Q2.csv,2025-11-10,2026-05-04,Victoria-Beacon Hill,0,0,0,0,0,0,0,0,0,0,,0
SIM-VR-00041,Casey,Sample,1952,6686 Cook St,Victoria,V9G 3J7,48.440747,-123.373104,Active,Victoria-Swan Lake,Federal_Electors_Extract_2026Q2.csv,2024-09-15,2026-05-05,Victoria-Swan Lake,0,0,0,0,0,0,0,0,1,1,stale_record,1
SIM-VR-00042,Drew,Public,1996,3931 Shelbourne St,Victoria,V2V 9V4,48.440677,-123.337371,Inactive,Saanich South,ICBC_Address_Update_2026Q2.csv,2025-03-16,2026-05-16,Victoria-Swan Lake,0,0,0,0,0,0,0,1,1,2,district_mismatch; stale_record,1
SIM-VR-00043,Hayden,Example,1959,1899 Cedar Hill Rd,Victoria,V0G 8S0,48.439705,-123.347656,Active,Victoria-Swan Lake,Online_Registration_Extract_2026Q2.csv,2025-10-14,2026-04-26,Victoria-Swan Lake,1,1,0,0,0,0,0,0,0,2,duplicate_id; duplicate_person_address,1
SIM-VR-00044,Hayden,Sample,1995,,Esquimalt,V3S 8V7,48.443012,-123.423135,Active,Esquimalt-Metchosin,Online_Registration_Extract_2026Q2.csv,2024-07-29,2026-05-01,Esquimalt-Metchosin,0,0,1,0,0,0,0,0,1,2,missing_address; stale_record,1
SIM-VR-00045,Casey,Placeholder,1955,6461 Bay St,Victoria,V7E 6T0,,,Active,Victoria-Beacon Hill,VitalStats_Status_Update_2026Q2.csv,2025-03-03,2026-05-11,,0,0,0,0,1,0,1,0,1,3,missing_location; unmatched_district; stale_record,1
SIM-VR-00046,Casey,Training,1987,4751 Tillicum Rd,Esquimalt,V3N 8G8,48.445214,-123.398773,Active,Esquimalt-Metchosin,ICBC_Address_Update_2026Q2.csv,2025-11-24,2026-05-08,Esquimalt-Metchosin,0,0,0,0,0,0,0,0,0,0,,0
SIM-VR-00047,Taylor,Example,1979,9953 Bay St,Saanich,V0Y 2G6,48.4905,-123.369292,Active,Saanich South,Online_Registration_Extract_2026Q2.csv,2024-10-06,2026-04-30,Saanich South,0,0,0,0,0,0,0,0,1,1,stale_record,1
SIM-VR-00048,Casey,Example,1972,6113 Cook St,Oak Bay,V8G 6V8,48.434604,-123.290104,Active,Oak Bay-Gordon Head,Online_Registration_Extract_2026Q2.csv,2026-02-18,2026-06-24,Oak Bay-Gordon Head,0,0,0,0,0,0,0,0,0,0,,0
SIM-VR-00049,Hayden,Placeholder,1991,5662 Fort St,Oak Bay,V1P 3V1,48.456854,-123.317763,Pending Review,Oak Bay-Gordon Head,Federal_Electors_Extract_2026Q2.csv,2025-05-02,2026-05-20,Oak Bay-Gordon Head,0,0,0,0,0,0,0,0,1,1,stale_record,1
SIM-VR-00050,Morgan,Mock,1988,1456 Hillside Ave,Saanich,V1J 3C8,48.499193,-123.374435,Active,Saanich South,Federal_Electors_Extract_2026Q2.csv,2025-02-11,2026-04-26,Saanich South,0,0,0,0,0,0,0,0,1,1,stale_record,1
SIM-VR-00051,Cameron,Practice,1943,2852 Hillside Ave,Victoria,V4V 2R2,48.422771,-123.37502,Active,Victoria-Beacon Hill,Federal_Electors_Extract_2026Q2.csv,2025-11-05,2026-05-20,Victoria-Beacon Hill,0,0,0,0,0,0,0,0,0,0,,0
SIM-VR-00052,Reese,Placeholder,1966,4972 Tillicum Rd,Saanich,V4X 9T6,48.493169,-123.376267,Active,Saanich South,ICBC_Address_Update_2026Q2.csv,2024-11-22,2026-06-18,Saanich South,0,0,0,0,0,0,0,0,1,1,stale_record,1
SIM-VR-00053,Hayden,Training,1980,,Esquimalt,V3B 4G4,48.441866,-123.397519,Inactive,Esquimalt-Metchosin,Contact_Centre_Update_2026Q2.csv,2024-08-05,2026-05-14,Esquimalt-Metchosin,0,0,1,0,0,0,0,0,1,2,missing_address; stale_record,1
SIM-VR-00054,Jamie,Sample,1965,8961 Bay St,Victoria,V1A 6S2,48.420946,-123.375897,Active,Victoria-Beacon Hill,Online_Registration_Extract_2026Q2.csv,2025-01-31,2026-06-24,Victoria-Beacon Hill,0,0,0,0,0,0,0,0,1,1,stale_record,1
SIM-VR-00055,Casey,Example,1988,2389 Admirals Rd,Victoria,V3X 0V6,,,Active,Victoria-Beacon Hill,Online_Registration_Extract_2026Q2.csv,2025-09-04,2026-05-03,,0,0,0,0,1,0,1,0,0,2,missing_location; unmatched_district,1
SIM-VR-00056,Avery,Public,1990,4764 Cedar Hill Rd,Oak Bay,V1T 8X9,48.455061,-123.29423,Active,Oak Bay-Gordon Head,Contact_Centre_Update_2026Q2.csv,2025-05-11,2026-04-26,Oak Bay-Gordon Head,0,0,0,0,0,0,0,0,1,1,stale_record,1
SIM-VR-00057,Avery,Sample,1966,7824 Fort St,Saanich,V4X 2P4,48.496927,-123.387363,Active,Saanich South,ICBC_Address_Update_2026Q2.csv,2025-02-09,2026-04-26,Saanich South,0,0,0,0,0,0,0,0,1,1,stale_record,1
SIM-VR-00058,Quinn,Public,2002,4169 Admirals Rd,Esquimalt,V5J 0N8,,,Active,Esquimalt-Metchosin,Contact_Centre_Update_2026Q2.csv,2024-07-11,2026-04-29,,0,0,0,0,1,0,1,0,1,3,missing_location; unmatched_district; stale_record,1
SIM-VR-00059,Reese,Training,1972,5636 Harbour View Rd,Victoria,V6C 2V2,48.446446,-123.373718,Active,Victoria-Swan Lake,VitalStats_Status_Update_2026Q2.csv,2025-01-19,2026-06-13,Victoria-Swan Lake,0,0,0,0,0,0,0,0,1,1,stale_record,1
SIM-VR-00060,Sam,Placeholder,1944,8041 Tillicum Rd,Saanich,V0H 0T0,48.48536,-123.374748,Active,Saanich South,Online_Registration_Extract_2026Q2.csv,2026-04-25,2026-06-01,Saanich South,0,0,0,0,0,0,0,0,0,0,,0
SIM-VR-00061,Avery,Synthetic,2007,4393 Douglas St,Esquimalt,V9G 7C0,48.445899,-123.442684,Inactive,Oak Bay-Gordon Head,VitalStats_Status_Update_2026Q2.csv,2026-04-02,2026-06-15,Esquimalt-Metchosin,0,0,0,0,0,0,0,1,0,1,district_mismatch,1
SIM-VR-00062,Morgan,Training,1991,1603 Pandora Ave,Victoria,V4A 6B3,48.423738,-123.36836,Active,Victoria-Beacon Hill,Online_Registration_Extract_2026Q2.csv,2024-11-08,2026-06-23,Victoria-Beacon Hill,0,0,0,0,0,0,0,0,1,1,stale_record,1
SIM-VR-00063,Jamie,Practice,1966,3111 Cedar Hill Rd,Victoria,V6A 0G2,49.320515,-122.402265,Active,Victoria-Beacon Hill,ICBC_Address_Update_2026Q2.csv,2026-05-20,2026-04-27,,0,0,0,0,0,1,1,0,0,2,out_of_region; unmatched_district,1
SIM-VR-00064,Cameron,Demo,1970,3064 Cook St,Oak Bay,V3R 2R8,48.435483,-123.307017,Active,Oak Bay-Gordon Head,Federal_Electors_Extract_2026Q2.csv,2024-09-13,2026-06-05,Oak Bay-Gordon Head,0,0,0,0,0,0,0,0,1,1,stale_record,1
SIM-VR-00065,Riley,Training,1979,9378 Hillside Ave,Saanich,V6A 6H8,48.475648,-123.355649,Active,Saanich South,Federal_Electors_Extract_2026Q2.csv,2025-05-10,2026-05-26,Saanich South,0,0,0,0,0,0,0,0,1,1,stale_record,1
SIM-VR-00066,Hayden,Training,1971,4225 Harbour View Rd,Oak Bay,V9G 1X6,,,Active,Oak Bay-Gordon Head,Federal_Electors_Extract_2026Q2.csv,2025-02-22,2026-06-14,,0,0,0,0,1,0,1,0,1,3,missing_location; unmatched_district; stale_record,1
SIM-VR-00067,Riley,Placeholder,2002,228 Cook St,Victoria,V3J 9H7,48.425698,-123.364671,Active,Victoria-Beacon Hill,Online_Registration_Extract_2026Q2.csv,2024-12-24,2026-05-03,Victoria-Beacon Hill,0,0,0,0,0,0,0,0,1,1,stale_record,1
SIM-VR-00068,Quinn,Training,1946,2483 Harbour View Rd,Oak Bay,V7N 7E9,48.436719,-123.306423,Pending Review,Oak Bay-Gordon Head,Contact_Centre_Update_2026Q2.csv,2025-11-15,2026-06-21,Oak Bay-Gordon Head,0,0,0,0,0,0,0,0,0,0,,1
SIM-VR-00069,Jordan,Demo,2007,7827 Hillside Ave,Esquimalt,V4N 5S9,48.407709,-123.425093,Active,Esquimalt-Metchosin,VitalStats_Status_Update_2026Q2.csv,2025-06-18,2026-06-10,Esquimalt-Metchosin,0,0,0,0,0,0,0,0,1,1,stale_record,1
SIM-VR-00070,Rowan,Demo,1972,6388 Douglas St,Saanich,V6Y 3S5,48.491957,-123.358985,Pending Review,Saanich South,Contact_Centre_Update_2026Q2.csv,2026-01-15,2026-05-30,Saanich South,0,0,0,0,0,0,0,0,0,0,,1
SIM-VR-00071,Taylor,Mock,1977,3188 Harbour View Rd,Esquimalt,V0R 4B5,48.419422,-123.407148,Inactive,Esquimalt-Metchosin,ICBC_Address_Update_2026Q2.csv,2024-08-09,2026-04-30,Esquimalt-Metchosin,0,0,0,0,0,0,0,0,1,1,stale_record,1
SIM-VR-00072,Jamie,Test,1971,8893 Gorge Rd,Esquimalt,V8H 4R8,48.418609,-123.411359,Active,Esquimalt-Metchosin,VitalStats_Status_Update_2026Q2.csv,2025-03-27,2026-05-21,Esquimalt-Metchosin,0,0,0,0,0,0,0,0,1,1,stale_record,1
SIM-VR-00073,Jordan,Example,1984,6661 Hillside Ave,Saanich,V2E 4R1,48.469839,-123.352684,Active,Victoria-Beacon Hill,Federal_Electors_Extract_2026Q2.csv,2025-10-15,2026-06-22,Saanich South,0,0,0,0,0,0,0,1,0,1,district_mismatch,1
SIM-VR-00074,Drew,Training,1952,6727 Douglas St,Victoria,V8Z-4K9,48.446471,-123.36602,Active,Victoria-Swan Lake,ICBC_Address_Update_2026Q2.csv,2024-07-17,2026-06-24,Victoria-Swan Lake,0,0,0,1,0,0,0,0,1,2,invalid_postal_code; stale_record,1
SIM-VR-00075,Avery,Example,1947,3374 Harbour View Rd,Victoria,V4E 1N6,48.451957,-123.365701,Active,Victoria-Swan Lake,ICBC_Address_Update_2026Q2.csv,2026-02-16,2026-06-09,Victoria-Swan Lake,0,0,0,0,0,0,0,0,0,0,,0
SIM-VR-00076,Parker,Training,1948,4516 Pandora Ave,Victoria,V3R 4H2,48.420451,-123.369568,Pending Review,Victoria-Beacon Hill,Contact_Centre_Update_2026Q2.csv,2025-07-07,2026-06-22,Victoria-Beacon Hill,0,0,0,0,0,0,0,0,0,0,,1
SIM-VR-00077,Cameron,Test,1997,5609 Cook St,Victoria,V3C 0C8,,,Active,Victoria-Swan Lake,ICBC_Address_Update_2026Q2.csv,2024-09-30,2026-06-07,,0,0,0,0,1,0,1,0,1,3,missing_location; unmatched_district; stale_record,1
SIM-VR-00078,Drew,Public,1947,8981 Harbour View Rd,Saanich,,48.476638,-123.352443,Pending Review,Saanich South,VitalStats_Status_Update_2026Q2.csv,2024-11-02,2026-06-14,Saanich South,0,0,0,1,0,0,0,0,1,2,invalid_postal_code; stale_record,1
SIM-VR-00079,Hayden,Synthetic,1983,3128 Admirals Rd,Victoria,V7N 3V3,48.412066,-123.364036,Active,Victoria-Beacon Hill,Online_Registration_Extract_2026Q2.csv,2025-07-15,2026-06-19,Victoria-Beacon Hill,0,0,0,0,0,0,0,0,0,0,,0
SIM-VR-00080,Reese,Placeholder,1973,3769 Bay St,Esquimalt,,,,Active,Esquimalt-Metchosin,Contact_Centre_Update_2026Q2.csv,2026-05-29,2026-06-08,,0,0,0,1,1,0,1,0,0,3,invalid_postal_code; missing_location; unmatched_district,1
SIM-VR-00081,Parker,Sample,1971,174 Douglas St,Victoria,V8Y 7S3,48.415887,-123.369455,Active,Victoria-Beacon Hill,Contact_Centre_Update_2026Q2.csv,2026-06-20,2026-05-29,Victoria-Beacon Hill,0,0,0,0,0,0,0,0,0,0,,0
SIM-VR-00082,Taylor,Sample,1987,8461 Cook St,Victoria,V8Z-4K9,48.435568,-123.376117,Active,Victoria-Swan Lake,Online_Registration_Extract_2026Q2.csv,2026-01-07,2026-05-26,Victoria-Swan Lake,0,0,0,1,0,0,0,0,0,1,invalid_postal_code,1
SIM-VR-00083,Sam,Example,1995,103 Fort St,Victoria,V8G 9C5,48.411076,-123.391223,Pending Review,Saanich South,Contact_Centre_Update_2026Q2.csv,2025-08-13,2026-06-25,Victoria-Beacon Hill,1,1,0,0,0,0,0,1,0,3,duplicate_id; duplicate_person_address; district_mismatch,1
SIM-VR-00084,Hayden,Practice,1967,,Saanich,V6E 2T4,48.478272,-123.363451,Active,Saanich South,Online_Registration_Extract_2026Q2.csv,2026-01-18,2026-05-25,Saanich South,0,0,1,0,0,0,0,0,0,1,missing_address,1
SIM-VR-00085,Hayden,Demo,1981,9843 Admirals Rd,Esquimalt,V3A 3P6,48.447169,-123.439379,Active,Esquimalt-Metchosin,Federal_Electors_Extract_2026Q2.csv,2024-09-12,2026-05-23,Esquimalt-Metchosin,0,0,0,0,0,0,0,0,1,1,stale_record,1
SIM-VR-00086,Drew,Example,1998,3459 Cook St,Oak Bay,V8Z4,48.433029,-123.324091,Inactive,Oak Bay-Gordon Head,VitalStats_Status_Update_2026Q2.csv,2026-01-19,2026-05-16,Oak Bay-Gordon Head,0,0,0,1,0,0,0,0,0,1,invalid_postal_code,1
SIM-VR-00087,Alex,Placeholder,1988,3425 Fort St,Victoria,V0B 9X2,48.460837,-123.355847,Active,Victoria-Swan Lake,Federal_Electors_Extract_2026Q2.csv,2025-03-03,2026-06-12,Victoria-Swan Lake,0,0,0,0,0,0,0,0,1,1,stale_record,1
SIM-VR-00088,Drew,Example,1989,9777 Pandora Ave,Saanich,V6H 3E3,48.469247,-123.374348,Active,Saanich South,Contact_Centre_Update_2026Q2.csv,2025-09-30,2026-06-02,Saanich South,0,0,0,0,0,0,0,0,0,0,,0
SIM-VR-00089,Avery,Test,2003,5241 Cedar Hill Rd,Saanich,V6V 1V6,48.468118,-123.388671,Active,Saanich South,Online_Registration_Extract_2026Q2.csv,2025-03-17,2026-06-13,Saanich South,0,0,0,0,0,0,0,0,1,1,stale_record,1
SIM-VR-00090,Parker,Example,1987,3117 Pandora Ave,Esquimalt,V2T 6P7,48.446942,-123.43973,Inactive,Esquimalt-Metchosin,ICBC_Address_Update_2026Q2.csv,2025-12-18,2026-05-25,Esquimalt-Metchosin,0,0,0,0,0,0,0,0,0,0,,0
SIM-VR-00091,Parker,Public,1975,2809 Fort St,Oak Bay,V9H 0B2,48.425921,-123.319152,Active,Oak Bay-Gordon Head,Online_Registration_Extract_2026Q2.csv,2025-04-21,2026-06-25,Oak Bay-Gordon Head,1,1,0,0,0,0,0,0,1,3,duplicate_id; duplicate_person_address; stale_record,1
SIM-VR-00092,Jamie,Synthetic,2005,3083 Hillside Ave,Oak Bay,V4P 4H1,48.435931,-123.290942,Pending Review,Oak Bay-Gordon Head,Online_Registration_Extract_2026Q2.csv,2024-11-01,2026-06-12,Oak Bay-Gordon Head,0,0,0,0,0,0,0,0,1,1,stale_record,1
SIM-VR-00093,Drew,Sample,1968,3406 Shelbourne St,Saanich,V6X 3E0,48.475734,-123.363575,Active,Saanich South,VitalStats_Status_Update_2026Q2.csv,2024-11-25,2026-05-04,Saanich South,0,0,0,0,0,0,0,0,1,1,stale_record,1
SIM-VR-00094,Reese,Example,1990,2013 Cedar Hill Rd,Saanich,V6X 3P1,48.49748,-123.388064,Active,Saanich South,Federal_Electors_Extract_2026Q2.csv,2026-06-02,2026-06-25,Saanich South,0,0,0,0,0,0,0,0,0,0,,0
SIM-VR-00095,Jordan,Practice,1943,7029 Gorge Rd,Victoria,V7S 3X1,48.409021,-123.370551,Active,Victoria-Beacon Hill,Federal_Electors_Extract_2026Q2.csv,2025-09-30,2026-05-20,Victoria-Beacon Hill,0,0,0,0,0,0,0,0,0,0,,0
SIM-VR-00096,Parker,Sample,1973,1764 Admirals Rd,Saanich,V3A 6J5,48.483738,-123.388101,Pending Review,Saanich South,Contact_Centre_Update_2026Q2.csv,2024-08-25,2026-06-14,Saanich South,0,0,0,0,0,0,0,0,1,1,stale_record,1
SIM-VR-00097,Parker,Example,1989,9687 Shelbourne St,Victoria,V1T 0N7,48.411771,-123.373533,Active,Victoria-Beacon Hill,Contact_Centre_Update_2026Q2.csv,2025-01-01,2026-06-04,Victoria-Beacon Hill,0,0,0,0,0,0,0,0,1,1,stale_record,1
SIM-VR-00098,Reese,Sample,1955,7201 Bay St,Saanich,V0N 2A2,48.47659,-123.382624,Pending Review,Saanich South,Contact_Centre_Update_2026Q2.csv,2026-01-17,2026-05-06,Saanich South,0,0,0,0,0,0,0,0,0,0,,1
SIM-VR-00099,Alex,Placeholder,1965,1850 Harbour View Rd,Saanich,V8A 6P4,48.49192,-123.371325,Active,Saanich South,Contact_Centre_Update_2026Q2.csv,2024-04-07,2026-05-31,Saanich South,0,0,0,0,0,0,0,0,1,1,stale_record,1
SIM-VR-00100,Cameron,Sample,1979,2082 Pandora Ave,Esquimalt,V3H 9C4,48.4333,-123.406155,Active,Esquimalt-Metchosin,Contact_Centre_Update_2026Q2.csv,2024-08-01,2026-06-17,Esquimalt-Metchosin,0,0,0,0,0,0,0,0,1,1,stale_record,1
SIM-VR-00101,Cameron,Practice,1953,1062 Cook St,Esquimalt,V2G 4G1,48.417099,-123.448072,Active,Esquimalt-Metchosin,Federal_Electors_Extract_2026Q2.csv,2024-08-13,2026-05-05,Esquimalt-Metchosin,0,0,0,0,0,0,0,0,1,1,stale_record,1
SIM-VR-00102,Sam,Practice,1968,9261 Harbour View Rd,Esquimalt,V1N 1Y1,48.424786,-123.440366,Inactive,Esquimalt-Metchosin,VitalStats_Status_Update_2026Q2.csv,2025-07-25,2026-05-30,Esquimalt-Metchosin,0,0,0,0,0,0,0,0,0,0,,0
SIM-VR-00103,Reese,Placeholder,2005,1394 Pandora Ave,Victoria,V0B 8G7,48.454155,-123.347394,Active,Esquimalt-Metchosin,Online_Registration_Extract_2026Q2.csv,2025-01-14,2026-05-23,Victoria-Swan Lake,0,0,0,0,0,0,0,1,1,2,district_mismatch; stale_record,1
SIM-VR-00104,Hayden,Example,1949,1347 Hillside Ave,Victoria,V2N 8X6,48.421055,-123.357441,Active,Victoria-Beacon Hill,Contact_Centre_Update_2026Q2.csv,2025-03-12,2026-06-13,Victoria-Beacon Hill,0,0,0,0,0,0,0,0,1,1,stale_record,1
SIM-VR-00105,Jamie,Test,1974,5763 Bay St,Esquimalt,V1E 2H1,48.447892,-123.429901,Active,Esquimalt-Metchosin,Online_Registration_Extract_2026Q2.csv,2026-01-14,2026-06-20,Esquimalt-Metchosin,0,0,0,0,0,0,0,0,0,0,,0
SIM-VR-00106,Taylor,Sample,1945,1433 Cook St,Esquimalt,V4Y 5J5,48.427865,-123.399787,Pending Review,Esquimalt-Metchosin,Contact_Centre_Update_2026Q2.csv,2025-12-02,2026-05-28,Esquimalt-Metchosin,0,0,0,0,0,0,0,0,0,0,,1
SIM-VR-00107,Jordan,Public,1962,1601 Cedar Hill Rd,Victoria,V6R 0X1,48.418995,-123.391566,Active,Victoria-Beacon Hill,Federal_Electors_Extract_2026Q2.csv,2024-08-09,2026-05-20,Victoria-Beacon Hill,0,0,0,0,0,0,0,0,1,1,stale_record,1
SIM-VR-00108,Jamie,Practice,1994,8309 Pandora Ave,Oak Bay,V0R 5V8,48.445652,-123.315753,Active,Oak Bay-Gordon Head,Online_Registration_Extract_2026Q2.csv,2025-04-28,2026-04-29,Oak Bay-Gordon Head,0,0,0,0,0,0,0,0,1,1,stale_record,1
SIM-VR-00109,Cameron,Training,2006,1769 Pandora Ave,Oak Bay,V8B 9X9,48.462904,-123.316459,Active,Oak Bay-Gordon Head,Online_Registration_Extract_2026Q2.csv,2026-04-06,2026-05-25,Oak Bay-Gordon Head,0,0,0,0,0,0,0,0,0,0,,0
SIM-VR-00110,Sam,Test,2003,1133 Cook St,Victoria,V8R 8Y3,48.446516,-123.392365,Active,Victoria-Swan Lake,VitalStats_Status_Update_2026Q2.csv,2025-08-02,2026-06-02,Victoria-Swan Lake,0,0,0,0,0,0,0,0,0,0,,0
SIM-VR-00111,Hayden,Training,1972,2660 Fort St,Saanich,V6R 9S5,48.476918,-123.366152,Active,Saanich South,VitalStats_Status_Update_2026Q2.csv,2025-09-12,2026-06-22,Saanich South,0,0,0,0,0,0,0,0,0,0,,0
SIM-VR-00112,Riley,Example,1954,5844 Bay St,Victoria,V1H 3H8,48.445291,-123.381011,Active,Victoria-Swan Lake,Contact_Centre_Update_2026Q2.csv,2025-05-28,2026-05-27,Victoria-Swan Lake,0,1,0,0,0,0,0,0,1,2,duplicate_person_address; stale_record,1
SIM-VR-00113,Jordan,Test,1986,1824 Shelbourne St,Victoria,V8A 1R2,48.422901,-123.381238,Active,Victoria-Beacon Hill,Contact_Centre_Update_2026Q2.csv,2024-12-05,2026-05-04,Victoria-Beacon Hill,0,0,0,0,0,0,0,0,1,1,stale_record,1
SIM-VR-00114,Drew,Synthetic,1978,6453 Gorge Rd,Oak Bay,V1X 9R7,48.448303,-123.287902,Active,Oak Bay-Gordon Head,VitalStats_Status_Update_2026Q2.csv,2024-08-27,2026-05-07,Oak Bay-Gordon Head,0,0,0,0,0,0,0,0,1,1,stale_record,1
SIM-VR-00115,Cameron,Example,1989,8219 Cook St,Victoria,V3J 8Y5,48.455415,-123.345408,Active,Victoria-Swan Lake,Contact_Centre_Update_2026Q2.csv,2024-08-14,2026-05-25,Victoria-Swan Lake,0,0,0,0,0,0,0,0,1,1,stale_record,1
SIM-VR-00116,Jamie,Synthetic,1947,6689 Tillicum Rd,Victoria,V3Y 1Y1,48.415917,-123.366845,Active,Victoria-Beacon Hill,Federal_Electors_Extract_2026Q2.csv,2026-04-20,2026-06-19,Victoria-Beacon Hill,0,0,0,0,0,0,0,0,0,0,,0
SIM-VR-00117,Jamie,Public,1962,6951 Admirals Rd,Esquimalt,V0N 7T2,49.220809,-122.597241,Active,Esquimalt-Metchosin,Federal_Electors_Extract_2026Q2.csv,2024-11-17,2026-05-15,,0,0,0,0,0,1,1,0,1,3,out_of_region; unmatched_district; stale_record,1
SIM-VR-00118,Cameron,Example,1976,5050 Fort St,Esquimalt,V6Y 3X8,48.432778,-123.418858,Active,Esquimalt-Metchosin,Contact_Centre_Update_2026Q2.csv,2024-11-24,2026-06-01,Esquimalt-Metchosin,0,0,0,0,0,0,0,0,1,1,stale_record,1
SIM-VR-00119,Hayden,Example,2008,1076 Shelbourne St,Victoria,V4B 9B4,48.423529,-123.39154,Active,Victoria-Beacon Hill,VitalStats_Status_Update_2026Q2.csv,2024-12-28,2026-05-10,Victoria-Beacon Hill,0,0,0,0,0,0,0,0,1,1,stale_record,1
SIM-VR-00120,Quinn,Sample,1983,3898 Pandora Ave,Esquimalt,V4J 2Y6,48.419677,-123.410855,Active,Victoria-Swan Lake,Federal_Electors_Extract_2026Q2.csv,2024-07-10,2026-06-05,Esquimalt-Metchosin,0,0,0,0,0,0,0,1,1,2,district_mismatch; stale_record,1
SIM-VR-00121,Reese,Public,1994,8220 Bay St,Victoria,V7J 0C9,48.438648,-123.375721,Active,Victoria-Swan Lake,Federal_Electors_Extract_2026Q2.csv,2024-11-23,2026-05-19,Victoria-Swan Lake,0,1,0,0,0,0,0,0,1,2,duplicate_person_address; stale_record,1
SIM-VR-00122,Casey,Public,1992,4451 Tillicum Rd,Victoria,V4B 9N5,48.43509,-123.344785,Active,Saanich South,VitalStats_Status_Update_2026Q2.csv,2026-01-16,2026-06-20,Victoria-Swan Lake,0,0,0,0,0,0,0,1,0,1,district_mismatch,1
SIM-VR-00123,Hayden,Sample,1996,5726 Admirals Rd,Victoria,V8G 1T9,48.435341,-123.338282,Active,Oak Bay-Gordon Head,Contact_Centre_Update_2026Q2.csv,2024-08-05,2026-04-30,Victoria-Swan Lake,0,0,0,0,0,0,0,1,1,2,district_mismatch; stale_record,1
SIM-VR-00124,Riley,Training,1948,4408 Gorge Rd,Victoria,V3G 4A7,48.414907,-123.37099,Pending Review,Victoria-Beacon Hill,VitalStats_Status_Update_2026Q2.csv,2025-05-01,2026-04-30,Victoria-Beacon Hill,0,0,0,0,0,0,0,0,1,1,stale_record,1
SIM-VR-00125,Sam,Practice,1955,1253 Hillside Ave,Victoria,V7T 7G2,48.409432,-123.392883,Active,Victoria-Beacon Hill,Contact_Centre_Update_2026Q2.csv,2026-06-19,2026-05-16,Victoria-Beacon Hill,0,0,0,0,0,0,0,0,0,0,,0
SIM-VR-00126,Parker,Example,1972,916 Bay St,Oak Bay,V1Y 7R2,48.451043,-123.310559,Active,Oak Bay-Gordon Head,ICBC_Address_Update_2026Q2.csv,2025-04-09,2026-05-01,Oak Bay-Gordon Head,0,0,0,0,0,0,0,0,1,1,stale_record,1
SIM-VR-00127,Morgan,Demo,1982,4250 Harbour View Rd,Victoria,V2P 2N6,48.426259,-123.360655,Active,Victoria-Beacon Hill,Contact_Centre_Update_2026Q2.csv,2026-03-06,2026-05-16,Victoria-Beacon Hill,0,0,0,0,0,0,0,0,0,0,,0
SIM-VR-00128,Jamie,Synthetic,1948,1235 Pandora Ave,Victoria,V7N 5S9,48.452156,-123.380255,Active,Victoria-Swan Lake,Online_Registration_Extract_2026Q2.csv,2025-01-26,2026-05-18,Victoria-Swan Lake,0,0,0,0,0,0,0,0,1,1,stale_record,1
SIM-VR-00129,Morgan,Public,1999,8433 Douglas St,Victoria,V3P 0S3,48.414171,-123.377433,Active,Victoria-Beacon Hill,Federal_Electors_Extract_2026Q2.csv,2025-08-26,2026-05-13,Victoria-Beacon Hill,0,0,0,0,0,0,0,0,0,0,,0
SIM-VR-00130,Sam,Demo,1968,9141 Cedar Hill Rd,Victoria,V1R 4P7,48.44523,-123.392442,Active,Victoria-Swan Lake,Federal_Electors_Extract_2026Q2.csv,2025-03-03,2026-06-23,Victoria-Swan Lake,0,0,0,0,0,0,0,0,1,1,stale_record,1
SIM-VR-00131,Riley,Synthetic,1943,6108 Hillside Ave,Victoria,V9Y 4C4,48.444969,-123.354196,Active,Victoria-Swan Lake,Federal_Electors_Extract_2026Q2.csv,2026-06-20,2026-05-16,Victoria-Swan Lake,0,0,0,0,0,0,0,0,0,0,,0
SIM-VR-00132,Casey,Placeholder,1999,2877 Bay St,Oak Bay,V5E 8E0,48.460887,-123.328299,Active,Oak Bay-Gordon Head,Federal_Electors_Extract_2026Q2.csv,2026-04-23,2026-05-02,Oak Bay-Gordon Head,0,0,0,0,0,0,0,0,0,0,,0
SIM-VR-00133,Morgan,Practice,1989,2656 Pandora Ave,Oak Bay,V9J 5J1,48.422515,-123.329262,Active,Oak Bay-Gordon Head,ICBC_Address_Update_2026Q2.csv,2025-08-22,2026-06-17,Oak Bay-Gordon Head,0,1,0,0,0,0,0,0,0,1,duplicate_person_address,1
SIM-VR-00134,Cameron,Practice,1996,4114 Gorge Rd,Oak Bay,V4V 8C9,48.469271,-123.332481,Active,Oak Bay-Gordon Head,Contact_Centre_Update_2026Q2.csv,2025-07-06,2026-06-25,Oak Bay-Gordon Head,0,0,0,0,0,0,0,0,0,0,,0
SIM-VR-00135,Cameron,Synthetic,1975,4273 Fort St,Saanich,V9J 5H4,48.494911,-123.340104,Pending Review,Saanich South,Federal_Electors_Extract_2026Q2.csv,2025-01-06,2026-04-29,Saanich South,0,0,0,0,0,0,0,0,1,1,stale_record,1
SIM-VR-00136,Hayden,Demo,1960,7004 Admirals Rd,Victoria,V2S 1E8,48.460888,-123.386881,Pending Review,Victoria-Swan Lake,Contact_Centre_Update_2026Q2.csv,2024-12-27,2026-05-11,Victoria-Swan Lake,0,0,0,0,0,0,0,0,1,1,stale_record,1
SIM-VR-00137,Parker,Mock,1950,8924 Hillside Ave,Victoria,V4V 2C1,48.45916,-123.391321,Active,Victoria-Swan Lake,Contact_Centre_Update_2026Q2.csv,2025-05-14,2026-05-11,Victoria-Swan Lake,0,0,0,0,0,0,0,0,1,1,stale_record,1
SIM-VR-00138,Riley,Sample,1960,7728 Cook St,Oak Bay,V3A 1T9,48.422593,-123.316231,Active,Oak Bay-Gordon Head,ICBC_Address_Update_2026Q2.csv,2025-11-16,2026-05-22,Oak Bay-Gordon Head,0,0,0,0,0,0,0,0,0,0,,0
SIM-VR-00139,Morgan,Sample,1983,9563 Hillside Ave,Esquimalt,V1R 4Y0,48.419451,-123.444535,Active,Esquimalt-Metchosin,Federal_Electors_Extract_2026Q2.csv,2024-11-05,2026-05-13,Esquimalt-Metchosin,0,0,0,0,0,0,0,0,1,1,stale_record,1
SIM-VR-00140,Drew,Example,2008,3319 Cedar Hill Rd,Esquimalt,V4R 5J3,48.447233,-123.399332,Active,Esquimalt-Metchosin,ICBC_Address_Update_2026Q2.csv,2025-12-04,2026-05-11,Esquimalt-Metchosin,0,0,0,0,0,0,0,0,0,0,,0
SIM-VR-00141,Rowan,Practice,1958,,Oak Bay,V1H 4G3,48.428246,-123.302531,Active,Oak Bay-Gordon Head,ICBC_Address_Update_2026Q2.csv,2024-12-14,2026-06-11,Oak Bay-Gordon Head,0,0,1,0,0,0,0,0,1,2,missing_address; stale_record,1
SIM-VR-00142,Cameron,Public,1987,3443 Gorge Rd,Victoria,V4H 7T9,48.414938,-123.369012,Active,Victoria-Beacon Hill,ICBC_Address_Update_2026Q2.csv,2025-06-29,2026-06-10,Victoria-Beacon Hill,0,0,0,0,0,0,0,0,0,0,,0
SIM-VR-00143,Casey,Placeholder,2006,2236 Gorge Rd,Victoria,12345,48.410417,-123.372046,Active,Victoria-Beacon Hill,ICBC_Address_Update_2026Q2.csv,2025-09-27,2026-06-22,Victoria-Beacon Hill,0,0,0,1,0,0,0,0,0,1,invalid_postal_code,1
SIM-VR-00144,Quinn,Practice,2005,7843 Pandora Ave,Oak Bay,V6X 6V5,48.431714,-123.320091,Active,Oak Bay-Gordon Head,Federal_Electors_Extract_2026Q2.csv,2025-02-17,2026-06-15,Oak Bay-Gordon Head,0,0,0,0,0,0,0,0,1,1,stale_record,1
SIM-VR-00145,Parker,Synthetic,1960,976 Cedar Hill Rd,Esquimalt,V3R 4G1,48.425672,-123.449851,Active,Esquimalt-Metchosin,Contact_Centre_Update_2026Q2.csv,2026-05-11,2026-05-27,Esquimalt-Metchosin,0,0,0,0,0,0,0,0,0,0,,0
SIM-VR-00146,Casey,Practice,1964,1399 Cook St,Saanich,V4J 7B5,48.485081,-123.367473,Inactive,Saanich South,ICBC_Address_Update_2026Q2.csv,2025-12-24,2026-05-16,Saanich South,0,0,0,0,0,0,0,0,0,0,,0
SIM-VR-00147,Taylor,Test,1960,2701 Pandora Ave,Victoria,V2N 4R3,48.413498,-123.370281,Active,Saanich South,VitalStats_Status_Update_2026Q2.csv,2025-06-12,2026-06-24,Victoria-Beacon Hill,0,0,0,0,0,0,0,1,1,2,district_mismatch; stale_record,1
SIM-VR-00148,Taylor,Synthetic,1983,4344 Shelbourne St,Saanich,V7Y 5H2,48.48885,-123.390492,Active,Saanich South,Federal_Electors_Extract_2026Q2.csv,2026-01-26,2026-05-24,Saanich South,0,0,0,0,0,0,0,0,0,0,,0
SIM-VR-00149,Jamie,Test,2002,,Esquimalt,V6E 7T2,48.44487,-123.425646,Active,Esquimalt-Metchosin,VitalStats_Status_Update_2026Q2.csv,2024-09-11,2026-05-22,Esquimalt-Metchosin,0,0,1,0,0,0,0,0,1,2,missing_address; stale_record,1
SIM-VR-00150,Drew,Placeholder,1974,2361 Gorge Rd,Oak Bay,V1R 2S7,48.445854,-123.309865,Active,Oak Bay-Gordon Head,Contact_Centre_Update_2026Q2.csv,2024-12-31,2026-05-12,Oak Bay-Gordon Head,0,0,0,0,0,0,0,0,1,1,stale_record,1
SIM-VR-00151,Cameron,Test,2006,3129 Shelbourne St,Esquimalt,12345,48.414297,-123.436284,Active,Esquimalt-Metchosin,Online_Registration_Extract_2026Q2.csv,2025-06-07,2026-06-11,Esquimalt-Metchosin,0,0,0,1,0,0,0,0,1,2,invalid_postal_code; stale_record,1
SIM-VR-00152,Quinn,Placeholder,1988,,Esquimalt,V0S 4J0,48.441931,-123.45176,Active,Esquimalt-Metchosin,ICBC_Address_Update_2026Q2.csv,2026-02-22,2026-06-13,Esquimalt-Metchosin,0,0,1,0,0,0,0,0,0,1,missing_address,1
SIM-VR-00153,Jamie,Mock,1984,1552 Hillside Ave,Saanich,V3H 2G3,48.499703,-123.343988,Active,Saanich South,Contact_Centre_Update_2026Q2.csv,2026-04-25,2026-05-20,Saanich South,0,0,0,0,0,0,0,0,0,0,,0
SIM-VR-00154,Rowan,Public,1981,3428 Bay St,Saanich,V2T 6T6,48.499371,-123.369166,Active,Saanich South,ICBC_Address_Update_2026Q2.csv,2025-03-29,2026-06-13,Saanich South,0,0,0,0,0,0,0,0,1,1,stale_record,1
SIM-VR-00155,Quinn,Practice,1965,2001 Shelbourne St,Oak Bay,V4B 7H5,48.458528,-123.327944,Active,Oak Bay-Gordon Head,Contact_Centre_Update_2026Q2.csv,2025-10-31,2026-06-07,Oak Bay-Gordon Head,0,1,0,0,0,0,0,0,0,1,duplicate_person_address,1
SIM-VR-00156,Quinn,Sample,1952,5374 Pandora Ave,Oak Bay,V0G 6H8,48.471008,-123.317534,Active,Oak Bay-Gordon Head,VitalStats_Status_Update_2026Q2.csv,2025-03-26,2026-05-31,Oak Bay-Gordon Head,0,0,0,0,0,0,0,0,1,1,stale_record,1
SIM-VR-00157,Sam,Sample,1970,5334 Pandora Ave,Esquimalt,V6A 7B6,48.420907,-123.39952,Active,Esquimalt-Metchosin,Contact_Centre_Update_2026Q2.csv,2025-07-30,2026-06-25,Esquimalt-Metchosin,0,0,0,0,0,0,0,0,0,0,,0
SIM-VR-00158,Jamie,Mock,1993,5439 Douglas St,Oak Bay,V6S 8X0,48.454281,-123.306802,Active,Oak Bay-Gordon Head,ICBC_Address_Update_2026Q2.csv,2025-01-22,2026-06-20,Oak Bay-Gordon Head,0,0,0,0,0,0,0,0,1,1,stale_record,1
SIM-VR-00159,Jamie,Example,1963,7382 Hillside Ave,Saanich,,48.498184,-123.36236,Pending Review,Saanich South,Online_Registration_Extract_2026Q2.csv,2025-03-28,2026-06-19,Saanich South,0,0,0,1,0,0,0,0,1,2,invalid_postal_code; stale_record,1
SIM-VR-00160,Alex,Synthetic,1998,8846 Bay St,Victoria,V3C 3V2,48.450651,-123.38495,Active,Oak Bay-Gordon Head,Federal_Electors_Extract_2026Q2.csv,2024-08-12,2026-05-04,Victoria-Swan Lake,0,0,0,0,0,0,0,1,1,2,district_mismatch; stale_record,1
SIM-VR-00161,Drew,Placeholder,1957,987 Cedar Hill Rd,Esquimalt,V2P 0A6,48.4229,-123.400925,Active,Esquimalt-Metchosin,Contact_Centre_Update_2026Q2.csv,2026-04-27,2026-06-09,Esquimalt-Metchosin,0,0,0,0,0,0,0,0,0,0,,0
SIM-VR-00162,Alex,Synthetic,1963,8229 Hillside Ave,Oak Bay,V0X 6H0,48.441931,-123.321504,Active,Oak Bay-Gordon Head,Federal_Electors_Extract_2026Q2.csv,2024-03-07,2026-05-15,Oak Bay-Gordon Head,0,0,0,0,0,0,0,0,1,1,stale_record,1
SIM-VR-00163,Morgan,Demo,1969,5245 Shelbourne St,Oak Bay,V6B 1X0,49.442449,-122.880192,Active,Oak Bay-Gordon Head,Contact_Centre_Update_2026Q2.csv,2026-05-13,2026-05-19,,0,0,0,0,0,1,1,0,0,2,out_of_region; unmatched_district,1
SIM-VR-00164,Jamie,Public,1990,9870 Bay St,Victoria,V5V 9A4,48.410481,-123.367116,Active,Oak Bay-Gordon Head,Online_Registration_Extract_2026Q2.csv,2026-06-12,2026-05-11,Victoria-Beacon Hill,0,0,0,0,0,0,0,1,0,1,district_mismatch,1
SIM-VR-00165,Parker,Placeholder,1973,8546 Harbour View Rd,Esquimalt,V1B 9Y4,48.4344,-123.449231,Active,Esquimalt-Metchosin,Contact_Centre_Update_2026Q2.csv,2025-02-01,2026-06-25,Esquimalt-Metchosin,0,0,0,0,0,0,0,0,1,1,stale_record,1
SIM-VR-00166,Sam,Synthetic,1946,318 Harbour View Rd,Victoria,V9C 5A1,48.413556,-123.358017,Active,Victoria-Beacon Hill,Contact_Centre_Update_2026Q2.csv,2024-11-11,2026-05-21,Victoria-Beacon Hill,0,0,0,0,0,0,0,0,1,1,stale_record,1
SIM-VR-00167,Rowan,Public,2003,9767 Cook St,Victoria,V8Z4,48.44689,-123.360688,Active,Victoria-Swan Lake,ICBC_Address_Update_2026Q2.csv,2026-01-08,2026-06-03,Victoria-Swan Lake,0,0,0,1,0,0,0,0,0,1,invalid_postal_code,1
SIM-VR-00168,Cameron,Practice,1990,144 Gorge Rd,Victoria,V9Y 1J6,48.4083,-123.3732,Active,Victoria-Beacon Hill,Contact_Centre_Update_2026Q2.csv,2025-05-09,2026-06-13,Victoria-Beacon Hill,0,0,0,0,0,0,0,0,1,1,stale_record,1
SIM-VR-00169,Morgan,Mock,1982,3443 Pandora Ave,Victoria,V1V 6N1,48.428024,-123.389589,Active,Victoria-Beacon Hill,ICBC_Address_Update_2026Q2.csv,2025-06-08,2026-05-28,Victoria-Beacon Hill,0,0,0,0,0,0,0,0,1,1,stale_record,1
SIM-VR-00170,Avery,Training,1964,5827 Pandora Ave,Victoria,V9P 0V8,48.422376,-123.363769,Active,Victoria-Beacon Hill,VitalStats_Status_Update_2026Q2.csv,2025-09-19,2026-05-16,Victoria-Beacon Hill,0,0,0,0,0,0,0,0,0,0,,0
SIM-VR-00171,Avery,Public,1964,9239 Bay St,Oak Bay,V0Y 4R8,48.462781,-123.314201,Active,Oak Bay-Gordon Head,Contact_Centre_Update_2026Q2.csv,2025-04-25,2026-05-19,Oak Bay-Gordon Head,0,0,0,0,0,0,0,0,1,1,stale_record,1
SIM-VR-00172,Reese,Public,1997,1522 Cedar Hill Rd,Oak Bay,V9N 1T2,48.458211,-123.291407,Active,Oak Bay-Gordon Head,Online_Registration_Extract_2026Q2.csv,2026-05-08,2026-06-10,Oak Bay-Gordon Head,0,0,0,0,0,0,0,0,0,0,,0
SIM-VR-00173,Jamie,Synthetic,1952,8384 Hillside Ave,Victoria,V8V 4S2,48.448313,-123.33734,Active,Oak Bay-Gordon Head,VitalStats_Status_Update_2026Q2.csv,2025-10-11,2026-06-08,Victoria-Swan Lake,0,0,0,0,0,0,0,1,0,1,district_mismatch,1
SIM-VR-00174,Alex,Demo,1969,9407 Cook St,Esquimalt,V7S 9Y5,48.433965,-123.400671,Pending Review,Esquimalt-Metchosin,Federal_Electors_Extract_2026Q2.csv,2025-03-28,2026-04-30,Esquimalt-Metchosin,0,0,0,0,0,0,0,0,1,1,stale_record,1
SIM-VR-00175,Hayden,Public,1993,6858 Pandora Ave,Oak Bay,V9E 7G6,48.460983,-123.303532,Active,Saanich South,VitalStats_Status_Update_2026Q2.csv,2026-03-13,2026-05-17,Oak Bay-Gordon Head,0,0,0,0,0,0,0,1,0,1,district_mismatch,1
SIM-VR-00176,Drew,Test,1967,7520 Admirals Rd,Oak Bay,V6R 6A6,48.444353,-123.290712,Active,Oak Bay-Gordon Head,VitalStats_Status_Update_2026Q2.csv,2025-02-13,2026-06-06,Oak Bay-Gordon Head,0,0,0,0,0,0,0,0,1,1,stale_record,1
SIM-VR-00177,Reese,Placeholder,1960,594 Harbour View Rd,Oak Bay,V6J 1B9,48.447805,-123.312853,Inactive,Oak Bay-Gordon Head,Contact_Centre_Update_2026Q2.csv,2025-09-23,2026-06-04,Oak Bay-Gordon Head,0,0,0,0,0,0,0,0,0,0,,0
SIM-VR-00178,Riley,Synthetic,1956,8164 Douglas St,Victoria,V4B 7H4,48.428493,-123.380289,Active,Victoria-Beacon Hill,Federal_Electors_Extract_2026Q2.csv,2024-07-28,2026-06-12,Victoria-Beacon Hill,0,0,0,0,0,0,0,0,1,1,stale_record,1
SIM-VR-00179,Hayden,Practice,2008,6504 Hillside Ave,Oak Bay,V2G 8H2,48.450361,-123.305314,Active,Oak Bay-Gordon Head,ICBC_Address_Update_2026Q2.csv,2026-01-05,2026-06-24,Oak Bay-Gordon Head,0,0,0,0,0,0,0,0,0,0,,0
SIM-VR-00180,Sam,Public,1998,8581 Cook St,Oak Bay,V3G 9B5,48.463651,-123.305187,Active,Oak Bay-Gordon Head,Contact_Centre_Update_2026Q2.csv,2024-10-16,2026-06-09,Oak Bay-Gordon Head,0,0,0,0,0,0,0,0,1,1,stale_record,1
SIM-VR-00181,Parker,Synthetic,2008,8051 Admirals Rd,Victoria,V7T 8C9,48.447747,-123.363794,Active,Victoria-Swan Lake,Online_Registration_Extract_2026Q2.csv,2025-11-30,2026-06-16,Victoria-Swan Lake,0,0,0,0,0,0,0,0,0,0,,0
SIM-VR-00182,Hayden,Sample,1996,7012 Gorge Rd,Esquimalt,V7J 7S2,48.410486,-123.433126,Pending Review,Esquimalt-Metchosin,Federal_Electors_Extract_2026Q2.csv,2024-07-29,2026-06-15,Esquimalt-Metchosin,0,0,0,0,0,0,0,0,1,1,stale_record,1
SIM-VR-00183,Casey,Placeholder,1942,4739 Cedar Hill Rd,Oak Bay,V6J 0V8,48.461032,-123.301723,Active,Oak Bay-Gordon Head,Online_Registration_Extract_2026Q2.csv,2025-04-14,2026-05-24,Oak Bay-Gordon Head,0,0,0,0,0,0,0,0,1,1,stale_record,1
SIM-VR-00184,Alex,Public,1998,1308 Shelbourne St,Victoria,V6Y 1V4,48.417713,-123.377153,Active,Victoria-Beacon Hill,VitalStats_Status_Update_2026Q2.csv,2024-10-10,2026-05-19,Victoria-Beacon Hill,0,0,0,0,0,0,0,0,1,1,stale_record,1
SIM-VR-00185,Rowan,Mock,1973,3079 Hillside Ave,Victoria,V6S 1R7,48.419544,-123.376072,Active,Victoria-Beacon Hill,Online_Registration_Extract_2026Q2.csv,2025-09-09,2026-06-25,Victoria-Beacon Hill,0,0,0,0,0,0,0,0,0,0,,0
SIM-VR-00186,Reese,Placeholder,1988,8575 Hillside Ave,Saanich,V3C 8N5,48.489401,-123.347406,Active,Saanich South,Online_Registration_Extract_2026Q2.csv,2024-07-22,2026-06-01,Saanich South,0,0,0,0,0,0,0,0,1,1,stale_record,1
SIM-VR-00187,Avery,Sample,2001,1277 Cedar Hill Rd,Victoria,V6S 6V9,48.445837,-123.35146,Active,Victoria-Swan Lake,VitalStats_Status_Update_2026Q2.csv,2025-07-20,2026-06-14,Victoria-Swan Lake,0,0,0,0,0,0,0,0,0,0,,0
SIM-VR-00188,Parker,Practice,2000,1074 Bay St,Esquimalt,V8R 2A3,48.439666,-123.424405,Active,Victoria-Swan Lake,VitalStats_Status_Update_2026Q2.csv,2025-03-26,2026-06-09,Esquimalt-Metchosin,0,0,0,0,0,0,0,1,1,2,district_mismatch; stale_record,1
SIM-VR-00189,Casey,Demo,1983,9055 Harbour View Rd,Victoria,V7Y 4T2,48.459983,-123.342888,Active,Victoria-Swan Lake,Federal_Electors_Extract_2026Q2.csv,2024-11-24,2026-05-06,Victoria-Swan Lake,0,0,0,0,0,0,0,0,1,1,stale_record,1
SIM-VR-00190,Parker,Demo,1973,3754 Fort St,Oak Bay,V4A 8E8,48.437232,-123.3147,Active,Oak Bay-Gordon Head,VitalStats_Status_Update_2026Q2.csv,2024-08-25,2026-06-02,Oak Bay-Gordon Head,0,0,0,0,0,0,0,0,1,1,stale_record,1
SIM-VR-00191,Alex,Training,1987,5140 Fort St,Saanich,V9G 9E4,48.467446,-123.344019,Active,Saanich South,Online_Registration_Extract_2026Q2.csv,2024-08-22,2026-04-28,Saanich South,0,0,0,0,0,0,0,0,1,1,stale_record,1
SIM-VR-00192,Rowan,Test,1950,8036 Harbour View Rd,Victoria,V8J 8Y2,48.417601,-123.385839,Active,Victoria-Beacon Hill,Contact_Centre_Update_2026Q2.csv,2026-05-30,2026-06-24,Victoria-Beacon Hill,0,0,0,0,0,0,0,0,0,0,,0
SIM-VR-00193,Quinn,Public,1975,4036 Hillside Ave,Victoria,V8Y 6Y4,48.458594,-123.353891,Active,Victoria-Swan Lake,Contact_Centre_Update_2026Q2.csv,2025-01-20,2026-06-22,Victoria-Swan Lake,0,0,0,0,0,0,0,0,1,1,stale_record,1
SIM-VR-00194,Jamie,Example,1954,8346 Douglas St,Victoria,V2N 9X1,48.445486,-123.353333,Active,Victoria-Swan Lake,Online_Registration_Extract_2026Q2.csv,2026-06-10,2026-06-14,Victoria-Swan Lake,0,0,0,0,0,0,0,0,0,0,,0
SIM-VR-00195,Riley,Demo,1959,,Victoria,V2H 1N0,48.456863,-123.345969,Pending Review,Victoria-Swan Lake,Federal_Electors_Extract_2026Q2.csv,2026-03-30,2026-06-10,Victoria-Swan Lake,0,0,1,0,0,0,0,0,0,1,missing_address,1
SIM-VR-00196,Jamie,Mock,1976,590 Cook St,Victoria,V6P 1J7,48.429757,-123.387698,Active,Victoria-Beacon Hill,Contact_Centre_Update_2026Q2.csv,2025-06-12,2026-05-24,Victoria-Beacon Hill,0,0,0,0,0,0,0,0,1,1,stale_record,1
SIM-VR-00197,Reese,Placeholder,1959,9980 Bay St,Saanich,V1Y 8G0,48.499619,-123.36274,Active,Saanich South,Federal_Electors_Extract_2026Q2.csv,2026-02-05,2026-05-06,Saanich South,0,0,0,0,0,0,0,0,0,0,,0
SIM-VR-00198,Reese,Placeholder,1994,4868 Bay St,Victoria,V7V 0C3,49.458119,-122.7229,Active,Victoria-Swan Lake,Federal_Electors_Extract_2026Q2.csv,2025-08-22,2026-05-31,,0,0,0,0,0,1,1,0,0,2,out_of_region; unmatched_district,1
SIM-VR-00199,Hayden,Practice,1974,9595 Douglas St,Victoria,V9S 0A2,48.445754,-123.391411,Active,Victoria-Swan Lake,Contact_Centre_Update_2026Q2.csv,2025-09-04,2026-06-04,Victoria-Swan Lake,0,0,0,0,0,0,0,0,0,0,,0
SIM-VR-00200,Taylor,Example,1958,4569 Shelbourne St,Saanich,V4A 9B4,48.473728,-123.337708,Active,Saanich South,ICBC_Address_Update_2026Q2.csv,2026-02-09,2026-06-06,Saanich South,0,0,0,0,0,0,0,0,0,0,,0
SIM-VR-00201,Riley,Sample,1974,2501 Harbour View Rd,Victoria,V8P 3C6,48.421232,-123.37979,Pending Review,Victoria-Beacon Hill,ICBC_Address_Update_2026Q2.csv,2024-08-23,2026-05-20,Victoria-Beacon Hill,0,0,0,0,0,0,0,0,1,1,stale_record,1
SIM-VR-00202,Rowan,Training,1963,5927 Admirals Rd,Victoria,V3H 5S8,48.460918,-123.347112,Active,Victoria-Swan Lake,Contact_Centre_Update_2026Q2.csv,2024-09-04,2026-05-31,Victoria-Swan Lake,0,0,0,0,0,0,0,0,1,1,stale_record,1
SIM-VR-00203,Sam,Sample,1953,7575 Bay St,Esquimalt,V5P 1G1,48.443657,-123.410502,Active,Esquimalt-Metchosin,Contact_Centre_Update_2026Q2.csv,2024-07-24,2026-05-06,Esquimalt-Metchosin,0,0,0,0,0,0,0,0,1,1,stale_record,1
SIM-VR-00204,Jordan,Placeholder,1955,4807 Cedar Hill Rd,Oak Bay,V2B 6G5,48.446806,-123.306027,Active,Oak Bay-Gordon Head,ICBC_Address_Update_2026Q2.csv,2025-03-17,2026-05-31,Oak Bay-Gordon Head,0,0,0,0,0,0,0,0,1,1,stale_record,1
SIM-VR-00205,Jordan,Test,2001,4364 Gorge Rd,Saanich,V1X 5A5,48.471022,-123.375212,Active,Saanich South,VitalStats_Status_Update_2026Q2.csv,2026-03-17,2026-05-02,Saanich South,0,0,0,0,0,0,0,0,0,0,,0
SIM-VR-00206,Riley,Sample,1975,8567 Harbour View Rd,Saanich,V7S 4P0,48.495855,-123.384755,Active,Saanich South,Online_Registration_Extract_2026Q2.csv,2025-09-19,2026-05-23,Saanich South,0,0,0,0,0,0,0,0,0,0,,0
SIM-VR-00207,Rowan,Sample,2004,7906 Harbour View Rd,Saanich,V9J 7A3,48.496057,-123.360253,Pending Review,Saanich South,Contact_Centre_Update_2026Q2.csv,2025-09-29,2026-05-17,Saanich South,0,0,0,0,0,0,0,0,0,0,,1
SIM-VR-00208,Alex,Example,1955,,Esquimalt,V0A 1R7,48.408587,-123.398447,Active,Esquimalt-Metchosin,Contact_Centre_Update_2026Q2.csv,2026-02-10,2026-06-04,Esquimalt-Metchosin,0,0,1,0,0,0,0,0,0,1,missing_address,1
SIM-VR-00209,Taylor,Public,1957,3734 Cook St,Victoria,V5B 2R9,48.43574,-123.365697,Active,Victoria-Swan Lake,Contact_Centre_Update_2026Q2.csv,2025-03-03,2026-06-02,Victoria-Swan Lake,0,0,0,0,0,0,0,0,1,1,stale_record,1
SIM-VR-00210,Rowan,Mock,2007,6292 Admirals Rd,Victoria,V7G 1R3,48.442937,-123.377562,Active,Victoria-Swan Lake,ICBC_Address_Update_2026Q2.csv,2025-03-04,2026-06-19,Victoria-Swan Lake,1,1,0,0,0,0,0,0,1,3,duplicate_id; duplicate_person_address; stale_record,1
SIM-VR-00211,Rowan,Mock,2001,1443 Admirals Rd,Oak Bay,V7C 1X0,48.458643,-123.311231,Active,Oak Bay-Gordon Head,VitalStats_Status_Update_2026Q2.csv,2026-04-23,2026-05-03,Oak Bay-Gordon Head,0,0,0,0,0,0,0,0,0,0,,0
SIM-VR-00212,Taylor,Placeholder,1943,9623 Pandora Ave,Esquimalt,V2R 4T3,48.443899,-123.433701,Active,Esquimalt-Metchosin,Online_Registration_Extract_2026Q2.csv,2024-12-05,2026-05-26,Esquimalt-Metchosin,0,0,0,0,0,0,0,0,1,1,stale_record,1
SIM-VR-00213,Morgan,Training,1957,9031 Hillside Ave,Victoria,VVV 999,48.426405,-123.368772,Active,Victoria-Beacon Hill,ICBC_Address_Update_2026Q2.csv,2024-07-09,2026-06-13,Victoria-Beacon Hill,0,0,0,1,0,0,0,0,1,2,invalid_postal_code; stale_record,1
SIM-VR-00214,Rowan,Training,2000,3397 Fort St,Victoria,V8B 7S0,48.444562,-123.371055,Active,Victoria-Swan Lake,Contact_Centre_Update_2026Q2.csv,2025-10-09,2026-06-04,Victoria-Swan Lake,0,0,0,0,0,0,0,0,0,0,,0
SIM-VR-00215,Alex,Placeholder,1977,1897 Harbour View Rd,Victoria,V5J 3C2,48.414127,-123.375018,Pending Review,Victoria-Beacon Hill,Online_Registration_Extract_2026Q2.csv,2026-03-04,2026-04-29,Victoria-Beacon Hill,0,0,0,0,0,0,0,0,0,0,,1
SIM-VR-00216,Morgan,Test,1974,,Saanich,V6B 1H4,48.489961,-123.379208,Active,Saanich South,ICBC_Address_Update_2026Q2.csv,2026-03-21,2026-06-23,Saanich South,0,0,1,0,0,0,0,0,0,1,missing_address,1
SIM-VR-00217,Avery,Practice,1952,3804 Gorge Rd,Victoria,V4E 2B6,48.4581,-123.357123,Active,Victoria-Swan Lake,VitalStats_Status_Update_2026Q2.csv,2025-09-02,2026-06-03,Victoria-Swan Lake,0,0,0,0,0,0,0,0,0,0,,0
SIM-VR-00218,Rowan,Mock,1993,6925 Admirals Rd,Victoria,V5C 3G5,48.434203,-123.345168,Pending Review,Victoria-Swan Lake,Federal_Electors_Extract_2026Q2.csv,2025-01-28,2026-05-29,Victoria-Swan Lake,0,0,0,0,0,0,0,0,1,1,stale_record,1
SIM-VR-00219,Sam,Placeholder,1982,3951 Admirals Rd,Esquimalt,V0X 2N1,48.411726,-123.413335,Pending Review,Esquimalt-Metchosin,Online_Registration_Extract_2026Q2.csv,2024-10-18,2026-05-20,Esquimalt-Metchosin,0,0,0,0,0,0,0,0,1,1,stale_record,1
SIM-VR-00220,Reese,Demo,2000,2077 Shelbourne St,Saanich,V3T 5R6,48.487944,-123.391972,Active,Saanich South,Contact_Centre_Update_2026Q2.csv,2025-04-24,2026-04-27,Saanich South,0,0,0,0,0,0,0,0,1,1,stale_record,1
SIM-VR-00221,Avery,Test,1984,7674 Harbour View Rd,Esquimalt,V9X 6E1,48.420205,-123.438385,Active,Esquimalt-Metchosin,VitalStats_Status_Update_2026Q2.csv,2025-11-14,2026-05-15,Esquimalt-Metchosin,0,0,0,0,0,0,0,0,0,0,,0
SIM-VR-00222,Parker,Demo,1964,2669 Tillicum Rd,Saanich,V6P 2T4,48.482017,-123.349566,Pending Review,Saanich South,Online_Registration_Extract_2026Q2.csv,2025-10-29,2026-04-30,Saanich South,0,0,0,0,0,0,0,0,0,0,,1
SIM-VR-00223,Sam,Public,1978,3436 Shelbourne St,Victoria,V6H 2H5,48.443242,-123.373765,Active,Victoria-Swan Lake,ICBC_Address_Update_2026Q2.csv,2024-08-28,2026-06-18,Victoria-Swan Lake,0,0,0,0,0,0,0,0,1,1,stale_record,1
SIM-VR-00224,Morgan,Sample,1985,5686 Cook St,Victoria,V9E 6H1,48.435836,-123.353863,Active,Victoria-Swan Lake,ICBC_Address_Update_2026Q2.csv,2025-09-24,2026-06-15,Victoria-Swan Lake,0,0,0,0,0,0,0,0,0,0,,0
SIM-VR-00225,Parker,Public,1978,4997 Admirals Rd,Esquimalt,V6P 4P2,48.424838,-123.438194,Pending Review,Esquimalt-Metchosin,VitalStats_Status_Update_2026Q2.csv,2024-11-07,2026-05-10,Esquimalt-Metchosin,0,0,0,0,0,0,0,0,1,1,stale_record,1
SIM-VR-00226,Cameron,Demo,1975,1112 Shelbourne St,Victoria,V0A 4E1,48.459539,-123.367213,Active,Victoria-Swan Lake,ICBC_Address_Update_2026Q2.csv,2024-11-09,2026-05-25,Victoria-Swan Lake,0,0,0,0,0,0,0,0,1,1,stale_record,1
SIM-VR-00227,Alex,Test,1946,104 Hillside Ave,Saanich,V5C 6Y5,48.468901,-123.376324,Active,Saanich South,Federal_Electors_Extract_2026Q2.csv,2025-07-02,2026-05-09,Saanich South,0,0,0,0,0,0,0,0,0,0,,0
SIM-VR-00228,Jamie,Sample,1999,4838 Tillicum Rd,Victoria,V2B 7S4,48.439012,-123.345965,Active,Victoria-Swan Lake,ICBC_Address_Update_2026Q2.csv,2025-03-10,2026-05-05,Victoria-Swan Lake,0,0,0,0,0,0,0,0,1,1,stale_record,1
SIM-VR-00229,Taylor,Training,2001,4288 Pandora Ave,Victoria,V4A 7H9,48.42636,-123.382678,Active,Victoria-Beacon Hill,Contact_Centre_Update_2026Q2.csv,2025-10-07,2026-05-13,Victoria-Beacon Hill,0,0,0,0,0,0,0,0,0,0,,0
SIM-VR-00230,Riley,Test,1949,4934 Gorge Rd,Saanich,V3C 1P1,48.475231,-123.362037,Pending Review,Saanich South,Federal_Electors_Extract_2026Q2.csv,2025-03-21,2026-05-15,Saanich South,0,0,0,0,0,0,0,0,1,1,stale_record,1
SIM-VR-00231,Taylor,Practice,1950,7776 Cedar Hill Rd,Esquimalt,V6P 9X0,48.43777,-123.43567,Active,Esquimalt-Metchosin,ICBC_Address_Update_2026Q2.csv,2026-06-23,2026-06-19,Esquimalt-Metchosin,0,0,0,0,0,0,0,0,0,0,,0
SIM-VR-00232,Alex,Demo,1942,4009 Cedar Hill Rd,Victoria,V5J 2P9,48.421531,-123.365698,Active,Victoria-Beacon Hill,VitalStats_Status_Update_2026Q2.csv,2025-02-17,2026-06-11,Victoria-Beacon Hill,0,0,0,0,0,0,0,0,1,1,stale_record,1
SIM-VR-00233,Hayden,Practice,1944,8063 Bay St,Esquimalt,V7H 3S0,48.435995,-123.397796,Pending Review,Saanich South,ICBC_Address_Update_2026Q2.csv,2025-10-20,2026-05-13,Esquimalt-Metchosin,0,0,0,0,0,0,0,1,0,1,district_mismatch,1
SIM-VR-00234,Hayden,Training,1984,4031 Cook St,Esquimalt,V8Z-4K9,48.412275,-123.442176,Active,Esquimalt-Metchosin,Contact_Centre_Update_2026Q2.csv,2026-03-23,2026-06-01,Esquimalt-Metchosin,0,0,0,1,0,0,0,0,0,1,invalid_postal_code,1
SIM-VR-00235,Hayden,Mock,1959,8003 Shelbourne St,Esquimalt,V7S 3G2,48.408027,-123.402831,Active,Esquimalt-Metchosin,Contact_Centre_Update_2026Q2.csv,2025-07-18,2026-04-27,Esquimalt-Metchosin,0,0,0,0,0,0,0,0,0,0,,0
SIM-VR-00236,Morgan,Practice,1963,179 Cedar Hill Rd,Victoria,V1J 7T4,48.424793,-123.382702,Pending Review,Victoria-Beacon Hill,VitalStats_Status_Update_2026Q2.csv,2025-05-05,2026-05-11,Victoria-Beacon Hill,0,0,0,0,0,0,0,0,1,1,stale_record,1
SIM-VR-00237,Cameron,Training,2007,9604 Admirals Rd,Victoria,V2J 8A0,48.462427,-123.37677,Active,Victoria-Swan Lake,Online_Registration_Extract_2026Q2.csv,2026-06-04,2026-06-09,Victoria-Swan Lake,0,0,0,0,0,0,0,0,0,0,,0
SIM-VR-00238,Quinn,Sample,1965,9330 Fort St,Oak Bay,V2R 4C4,48.423447,-123.294035,Pending Review,Oak Bay-Gordon Head,Online_Registration_Extract_2026Q2.csv,2024-11-21,2026-05-09,Oak Bay-Gordon Head,0,0,0,0,0,0,0,0,1,1,stale_record,1
SIM-VR-00239,Avery,Placeholder,1966,3021 Hillside Ave,Esquimalt,V8V 3B9,48.428903,-123.42139,Active,Esquimalt-Metchosin,Federal_Electors_Extract_2026Q2.csv,2024-08-31,2026-05-10,Esquimalt-Metchosin,0,0,0,0,0,0,0,0,1,1,stale_record,1
SIM-VR-00240,Jamie,Mock,1983,8927 Shelbourne St,Victoria,V7C 5S2,48.434518,-123.364365,Active,Victoria-Swan Lake,VitalStats_Status_Update_2026Q2.csv,2025-07-23,2026-05-20,Victoria-Swan Lake,0,0,0,0,0,0,0,0,0,0,,0
SIM-VR-00241,Morgan,Demo,1944,6421 Shelbourne St,Esquimalt,V5Y 2N0,48.418023,-123.406929,Active,Esquimalt-Metchosin,Online_Registration_Extract_2026Q2.csv,2024-11-27,2026-05-11,Esquimalt-Metchosin,0,0,0,0,0,0,0,0,1,1,stale_record,1
SIM-VR-00242,Morgan,Placeholder,1944,4202 Tillicum Rd,Oak Bay,V4R 5P3,,,Active,Oak Bay-Gordon Head,VitalStats_Status_Update_2026Q2.csv,2025-04-10,2026-05-01,,0,0,0,0,1,0,1,0,1,3,missing_location; unmatched_district; stale_record,1
SIM-VR-00243,Jamie,Example,1953,4188 Cook St,Oak Bay,V4H 2Y0,48.448279,-123.327068,Active,Oak Bay-Gordon Head,Contact_Centre_Update_2026Q2.csv,2025-07-27,2026-05-22,Oak Bay-Gordon Head,0,0,0,0,0,0,0,0,0,0,,0
SIM-VR-00244,Quinn,Training,2004,6437 Gorge Rd,Saanich,V6S 7T4,48.480583,-123.357593,Active,Saanich South,Online_Registration_Extract_2026Q2.csv,2024-09-03,2026-05-02,Saanich South,0,0,0,0,0,0,0,0,1,1,stale_record,1
SIM-VR-00245,Jordan,Practice,1984,8238 Hillside Ave,Victoria,V2N 7S0,48.449607,-123.391545,Inactive,Victoria-Swan Lake,Contact_Centre_Update_2026Q2.csv,2025-01-28,2026-05-09,Victoria-Swan Lake,0,0,0,0,0,0,0,0,1,1,stale_record,1
SIM-VR-00246,Riley,Public,1978,,Saanich,V7G 8J7,48.485675,-123.349912,Active,Saanich South,VitalStats_Status_Update_2026Q2.csv,2026-02-02,2026-05-27,Saanich South,0,0,1,0,0,0,0,0,0,1,missing_address,1
SIM-VR-00247,Jamie,Placeholder,1942,8438 Fort St,Saanich,V7T 7J3,48.487392,-123.373233,Active,Saanich South,Online_Registration_Extract_2026Q2.csv,2025-01-08,2026-06-23,Saanich South,1,1,0,0,0,0,0,0,1,3,duplicate_id; duplicate_person_address; stale_record,1
SIM-VR-00248,Sam,Public,1994,1546 Cedar Hill Rd,Victoria,V8R 6N0,48.456626,-123.337569,Active,Victoria-Swan Lake,Contact_Centre_Update_2026Q2.csv,2026-01-24,2026-06-24,Victoria-Swan Lake,0,0,0,0,0,0,0,0,0,0,,0
SIM-VR-00249,Jordan,Placeholder,1971,3408 Bay St,Esquimalt,,48.446685,-123.40706,Active,Esquimalt-Metchosin,Federal_Electors_Extract_2026Q2.csv,2025-03-27,2026-05-17,Esquimalt-Metchosin,0,0,0,1,0,0,0,0,1,2,invalid_postal_code; stale_record,1
SIM-VR-00250,Reese,Example,2003,9356 Pandora Ave,Victoria,V3G 9H1,48.434858,-123.391815,Pending Review,Victoria-Swan Lake,Online_Registration_Extract_2026Q2.csv,2024-05-30,2026-06-21,Victoria-Swan Lake,0,0,0,0,0,0,0,0,1,1,stale_record,1
SIM-VR-00251,Alex,Example,1981,797 Cook St,Victoria,V3A 3N0,49.211193,-122.502864,Active,Victoria-Swan Lake,Federal_Electors_Extract_2026Q2.csv,2026-06-15,2026-06-23,,0,0,0,0,0,1,1,0,0,2,out_of_region; unmatched_district,1
SIM-VR-00252,Jamie,Synthetic,1944,8092 Pandora Ave,Victoria,V2J 4P5,48.420297,-123.383013,Inactive,Victoria-Beacon Hill,Online_Registration_Extract_2026Q2.csv,2025-01-09,2026-05-02,Victoria-Beacon Hill,0,0,0,0,0,0,0,0,1,1,stale_record,1
SIM-VR-00253,Jordan,Example,1944,5101 Fort St,Victoria,V4N 4N0,48.41619,-123.386635,Active,Victoria-Beacon Hill,VitalStats_Status_Update_2026Q2.csv,2024-10-16,2026-05-25,Victoria-Beacon Hill,0,0,0,0,0,0,0,0,1,1,stale_record,1
SIM-VR-00254,Sam,Training,1953,7862 Hillside Ave,Saanich,V8V 7V5,48.485396,-123.365623,Active,Saanich South,Online_Registration_Extract_2026Q2.csv,2025-09-09,2026-04-28,Saanich South,0,0,0,0,0,0,0,0,0,0,,0
SIM-VR-00255,Reese,Practice,1999,7707 Hillside Ave,Victoria,V4N 9P6,48.452637,-123.352592,Active,Victoria-Swan Lake,Online_Registration_Extract_2026Q2.csv,2026-02-10,2026-05-06,Victoria-Swan Lake,0,0,0,0,0,0,0,0,0,0,,0
SIM-VR-00256,Sam,Public,1962,3733 Hillside Ave,Oak Bay,V0N 9N8,48.455971,-123.328486,Active,Oak Bay-Gordon Head,Contact_Centre_Update_2026Q2.csv,2025-08-23,2026-04-27,Oak Bay-Gordon Head,0,0,0,0,0,0,0,0,0,0,,0
SIM-VR-00257,Rowan,Placeholder,1945,4479 Harbour View Rd,Victoria,V8Z4,48.423822,-123.386878,Active,Victoria-Beacon Hill,ICBC_Address_Update_2026Q2.csv,2024-08-31,2026-05-24,Victoria-Beacon Hill,0,0,0,1,0,0,0,0,1,2,invalid_postal_code; stale_record,1
SIM-VR-00258,Reese,Placeholder,1960,3664 Tillicum Rd,Victoria,V8N 7E8,48.426499,-123.374974,Active,Victoria-Beacon Hill,Online_Registration_Extract_2026Q2.csv,2025-04-07,2026-06-20,Victoria-Beacon Hill,0,0,0,0,0,0,0,0,1,1,stale_record,1
SIM-VR-00259,Jordan,Example,1997,3633 Cook St,Oak Bay,V9G 9C9,48.440679,-123.302578,Active,Oak Bay-Gordon Head,VitalStats_Status_Update_2026Q2.csv,2025-08-13,2026-06-09,Oak Bay-Gordon Head,0,0,0,0,0,0,0,0,0,0,,0
SIM-VR-00260,Quinn,Training,1946,4946 Cook St,Saanich,V9P 6X3,48.491758,-123.36189,Active,Saanich South,ICBC_Address_Update_2026Q2.csv,2026-01-22,2026-05-28,Saanich South,0,0,0,0,0,0,0,0,0,0,,0
SIM-VR-00261,Avery,Practice,1961,127 Douglas St,Esquimalt,V3V 9C3,48.416383,-123.415598,Active,Esquimalt-Metchosin,VitalStats_Status_Update_2026Q2.csv,2024-10-25,2026-06-08,Esquimalt-Metchosin,0,0,0,0,0,0,0,0,1,1,stale_record,1
SIM-VR-00262,Reese,Sample,1943,,Victoria,V9H 3G3,48.426166,-123.390145,Pending Review,Victoria-Beacon Hill,ICBC_Address_Update_2026Q2.csv,2025-03-13,2026-05-04,Victoria-Beacon Hill,0,0,1,0,0,0,0,0,1,2,missing_address; stale_record,1
SIM-VR-00263,Rowan,Example,1947,7839 Bay St,Esquimalt,V4G 0S8,48.426868,-123.431941,Active,Esquimalt-Metchosin,Online_Registration_Extract_2026Q2.csv,2025-12-02,2026-05-14,Esquimalt-Metchosin,0,0,0,0,0,0,0,0,0,0,,0
SIM-VR-00264,Sam,Public,1961,5673 Douglas St,Oak Bay,V7C 6E5,48.471547,-123.290582,Active,Oak Bay-Gordon Head,ICBC_Address_Update_2026Q2.csv,2024-11-06,2026-05-07,Oak Bay-Gordon Head,0,0,0,0,0,0,0,0,1,1,stale_record,1
SIM-VR-00265,Alex,Example,1995,3446 Bay St,Oak Bay,V8C 6B4,48.425308,-123.294089,Active,Oak Bay-Gordon Head,Contact_Centre_Update_2026Q2.csv,2025-01-24,2026-06-17,Oak Bay-Gordon Head,0,1,0,0,0,0,0,0,1,2,duplicate_person_address; stale_record,1
SIM-VR-00266,Drew,Synthetic,1963,9663 Cook St,Saanich,V6N 7V9,48.489094,-123.376319,Active,Saanich South,VitalStats_Status_Update_2026Q2.csv,2024-12-28,2026-06-19,Saanich South,0,0,0,0,0,0,0,0,1,1,stale_record,1
SIM-VR-00267,Jamie,Demo,2007,1274 Harbour View Rd,Saanich,V9G 6T2,48.494542,-123.347875,Active,Saanich South,Online_Registration_Extract_2026Q2.csv,2026-05-31,2026-05-21,Saanich South,0,0,0,0,0,0,0,0,0,0,,0
SIM-VR-00268,Alex,Synthetic,1965,614 Shelbourne St,Victoria,V1H 9V0,,,Active,Victoria-Swan Lake,Federal_Electors_Extract_2026Q2.csv,2026-05-12,2026-06-17,,0,0,0,0,1,0,1,0,0,2,missing_location; unmatched_district,1
SIM-VR-00269,Reese,Public,1984,1257 Pandora Ave,Oak Bay,V8C 2E4,48.452064,-123.29583,Active,Victoria-Swan Lake,ICBC_Address_Update_2026Q2.csv,2025-08-26,2026-06-16,Oak Bay-Gordon Head,0,0,0,0,0,0,0,1,0,1,district_mismatch,1
SIM-VR-00270,Taylor,Synthetic,1972,7932 Cedar Hill Rd,Esquimalt,V7R 3E9,48.411013,-123.443048,Pending Review,Esquimalt-Metchosin,ICBC_Address_Update_2026Q2.csv,2025-09-23,2026-06-04,Esquimalt-Metchosin,0,0,0,0,0,0,0,0,0,0,,1
SIM-VR-00271,Jamie,Placeholder,1958,1280 Pandora Ave,Esquimalt,V8R 9T5,48.42219,-123.452079,Active,Esquimalt-Metchosin,Contact_Centre_Update_2026Q2.csv,2024-11-08,2026-06-09,Esquimalt-Metchosin,0,0,0,0,0,0,0,0,1,1,stale_record,1
SIM-VR-00272,Taylor,Sample,2002,6487 Shelbourne St,Saanich,V5E 7Y1,48.50072,-123.387157,Active,Saanich South,Federal_Electors_Extract_2026Q2.csv,2025-12-21,2026-05-06,Saanich South,0,0,0,0,0,0,0,0,0,0,,0
SIM-VR-00273,Reese,Demo,1944,,Victoria,V7N 0B3,48.425725,-123.368786,Active,Victoria-Beacon Hill,Online_Registration_Extract_2026Q2.csv,2025-11-23,2026-04-29,Victoria-Beacon Hill,0,0,1,0,0,0,0,0,0,1,missing_address,1
SIM-VR-00274,Rowan,Example,1994,3466 Bay St,Victoria,V5H 2C9,48.423625,-123.391935,Inactive,Victoria-Beacon Hill,Online_Registration_Extract_2026Q2.csv,2026-05-18,2026-04-27,Victoria-Beacon Hill,0,0,0,0,0,0,0,0,0,0,,0
SIM-VR-00275,Avery,Synthetic,2000,9856 Cook St,Victoria,V0V 4G2,48.408087,-123.391637,Active,Victoria-Beacon Hill,ICBC_Address_Update_2026Q2.csv,2025-07-08,2026-06-11,Victoria-Beacon Hill,0,0,0,0,0,0,0,0,0,0,,0
SIM-VR-00276,Rowan,Mock,1956,8519 Pandora Ave,Victoria,V5S 2H7,48.434769,-123.349462,Active,Victoria-Swan Lake,VitalStats_Status_Update_2026Q2.csv,2025-10-23,2026-05-07,Victoria-Swan Lake,0,0,0,0,0,0,0,0,0,0,,0
SIM-VR-00277,Casey,Practice,1974,6097 Douglas St,Victoria,V9G 5C1,48.441428,-123.346341,Active,Victoria-Swan Lake,Online_Registration_Extract_2026Q2.csv,2026-03-02,2026-05-22,Victoria-Swan Lake,0,1,0,0,0,0,0,0,0,1,duplicate_person_address,1
SIM-VR-00278,Casey,Synthetic,1982,6141 Fort St,Oak Bay,V4V 4X4,48.426846,-123.289817,Active,Oak Bay-Gordon Head,VitalStats_Status_Update_2026Q2.csv,2026-01-27,2026-04-30,Oak Bay-Gordon Head,0,0,0,0,0,0,0,0,0,0,,0
SIM-VR-00279,Rowan,Example,1975,247 Admirals Rd,Victoria,V1P 9J5,49.283211,-122.417741,Active,Saanich South,Contact_Centre_Update_2026Q2.csv,2025-04-18,2026-06-06,,0,0,0,0,0,1,1,0,1,3,out_of_region; unmatched_district; stale_record,1
SIM-VR-00280,Cameron,Placeholder,2006,3801 Fort St,Victoria,V6C 1P2,48.445729,-123.389992,Inactive,Victoria-Swan Lake,ICBC_Address_Update_2026Q2.csv,2025-02-13,2026-06-24,Victoria-Swan Lake,0,0,0,0,0,0,0,0,1,1,stale_record,1
SIM-VR-00281,Jamie,Mock,1998,1277 Hillside Ave,Victoria,V1B 0Y8,48.417724,-123.371203,Pending Review,Victoria-Beacon Hill,VitalStats_Status_Update_2026Q2.csv,2025-12-12,2026-05-09,Victoria-Beacon Hill,0,0,0,0,0,0,0,0,0,0,,1
SIM-VR-00282,Taylor,Test,1995,6876 Harbour View Rd,Victoria,V0J 9H7,48.416685,-123.392685,Active,Victoria-Beacon Hill,Federal_Electors_Extract_2026Q2.csv,2025-03-16,2026-06-10,Victoria-Beacon Hill,0,0,0,0,0,0,0,0,1,1,stale_record,1
SIM-VR-00283,Avery,Test,1967,7429 Pandora Ave,Saanich,V2J 6X2,,,Active,Saanich South,VitalStats_Status_Update_2026Q2.csv,2025-01-25,2026-05-27,,0,0,0,0,1,0,1,0,1,3,missing_location; unmatched_district; stale_record,1
SIM-VR-00284,Morgan,Practice,1984,8502 Pandora Ave,Victoria,V3E 9H2,48.415682,-123.384521,Active,Victoria-Beacon Hill,VitalStats_Status_Update_2026Q2.csv,2026-05-18,2026-05-06,Victoria-Beacon Hill,0,0,0,0,0,0,0,0,0,0,,0
SIM-VR-00285,Alex,Placeholder,2006,2134 Fort St,Victoria,V5P 1V6,48.450541,-123.354423,Active,Victoria-Swan Lake,Federal_Electors_Extract_2026Q2.csv,2024-10-17,2026-05-26,Victoria-Swan Lake,0,0,0,0,0,0,0,0,1,1,stale_record,1
SIM-VR-00286,Riley,Demo,1964,1783 Harbour View Rd,Oak Bay,V2E 3G0,48.435782,-123.324008,Active,Oak Bay-Gordon Head,Online_Registration_Extract_2026Q2.csv,2024-12-29,2026-06-06,Oak Bay-Gordon Head,0,0,0,0,0,0,0,0,1,1,stale_record,1
SIM-VR-00287,Alex,Placeholder,2003,8636 Shelbourne St,Oak Bay,V8E 4R8,48.454966,-123.312178,Active,Oak Bay-Gordon Head,VitalStats_Status_Update_2026Q2.csv,2024-07-08,2026-05-15,Oak Bay-Gordon Head,0,1,0,0,0,0,0,0,1,2,duplicate_person_address; stale_record,1
SIM-VR-00288,Jamie,Sample,1978,4304 Hillside Ave,Saanich,V9S 3A2,48.471965,-123.363401,Inactive,Saanich South,VitalStats_Status_Update_2026Q2.csv,2025-08-26,2026-06-19,Saanich South,0,0,0,0,0,0,0,0,0,0,,0
SIM-VR-00289,Jordan,Synthetic,1964,8125 Fort St,Victoria,V8R 8J8,48.445306,-123.367472,Active,Victoria-Swan Lake,Online_Registration_Extract_2026Q2.csv,2025-04-21,2026-06-03,Victoria-Swan Lake,0,0,0,0,0,0,0,0,1,1,stale_record,1
SIM-VR-00290,Cameron,Practice,2007,679 Bay St,Oak Bay,V6R 5R8,48.455178,-123.314681,Pending Review,Oak Bay-Gordon Head,Federal_Electors_Extract_2026Q2.csv,2024-08-17,2026-06-16,Oak Bay-Gordon Head,0,0,0,0,0,0,0,0,1,1,stale_record,1
SIM-VR-00291,Reese,Demo,1946,102 Shelbourne St,Saanich,V8Z-4K9,48.46862,-123.340603,Inactive,Saanich South,Online_Registration_Extract_2026Q2.csv,2025-10-15,2026-05-06,Saanich South,0,0,0,1,0,0,0,0,0,1,invalid_postal_code,1
SIM-VR-00292,Sam,Synthetic,1944,527 Harbour View Rd,Victoria,V8Z4,48.449013,-123.379866,Active,Victoria-Swan Lake,Contact_Centre_Update_2026Q2.csv,2025-12-06,2026-05-08,Victoria-Swan Lake,0,0,0,1,0,0,0,0,0,1,invalid_postal_code,1
SIM-VR-00293,Drew,Synthetic,1992,5740 Bay St,Saanich,V7R 0Y3,48.482434,-123.362361,Inactive,Saanich South,VitalStats_Status_Update_2026Q2.csv,2024-10-10,2026-06-15,Saanich South,0,0,0,0,0,0,0,0,1,1,stale_record,1
SIM-VR-00294,Drew,Sample,1998,4619 Harbour View Rd,Oak Bay,V0S 0J7,48.457557,-123.310787,Pending Review,Oak Bay-Gordon Head,Federal_Electors_Extract_2026Q2.csv,2026-03-15,2026-05-23,Oak Bay-Gordon Head,0,0,0,0,0,0,0,0,0,0,,1
SIM-VR-00295,Sam,Public,1981,3689 Pandora Ave,Esquimalt,V2A 2E7,48.42187,-123.439691,Pending Review,Esquimalt-Metchosin,Contact_Centre_Update_2026Q2.csv,2025-02-15,2026-06-17,Esquimalt-Metchosin,0,0,0,0,0,0,0,0,1,1,stale_record,1
SIM-VR-00296,Alex,Sample,2005,3680 Douglas St,Esquimalt,V5P 7E0,48.443526,-123.447989,Active,Esquimalt-Metchosin,VitalStats_Status_Update_2026Q2.csv,2024-10-09,2026-04-26,Esquimalt-Metchosin,0,0,0,0,0,0,0,0,1,1,stale_record,1
SIM-VR-00297,Quinn,Demo,2005,9254 Shelbourne St,Oak Bay,V3G 4E2,48.429298,-123.295464,Pending Review,Oak Bay-Gordon Head,Federal_Electors_Extract_2026Q2.csv,2025-02-22,2026-06-13,Oak Bay-Gordon Head,0,0,0,0,0,0,0,0,1,1,stale_record,1
SIM-VR-00298,Alex,Public,2008,6375 Cook St,Victoria,V2P 1E0,48.413393,-123.374742,Active,Victoria-Beacon Hill,Federal_Electors_Extract_2026Q2.csv,2025-10-20,2026-06-21,Victoria-Beacon Hill,0,0,0,0,0,0,0,0,0,0,,0
SIM-VR-00299,Jamie,Placeholder,1982,2022 Douglas St,Oak Bay,V3X 5V5,48.429932,-123.316566,Active,Oak Bay-Gordon Head,Online_Registration_Extract_2026Q2.csv,2025-06-26,2026-05-21,Oak Bay-Gordon Head,0,0,0,0,0,0,0,0,0,0,,0
SIM-VR-00300,Taylor,Synthetic,1948,5249 Pandora Ave,Esquimalt,V6E 5T9,48.440307,-123.426313,Active,Esquimalt-Metchosin,Federal_Electors_Extract_2026Q2.csv,2025-08-31,2026-05-14,Esquimalt-Metchosin,0,0,0,0,0,0,0,0,0,0,,0
SIM-VR-00301,Casey,Example,1980,7707 Gorge Rd,Saanich,V8E 7V1,48.48589,-123.368833,Active,Saanich South,ICBC_Address_Update_2026Q2.csv,2026-03-10,2026-06-17,Saanich South,0,0,0,0,0,0,0,0,0,0,,0
SIM-VR-00302,Jordan,Mock,1946,1414 Bay St,Saanich,V2V 3X1,48.467724,-123.364279,Inactive,Saanich South,Online_Registration_Extract_2026Q2.csv,2024-09-20,2026-05-16,Saanich South,0,0,0,0,0,0,0,0,1,1,stale_record,1
SIM-VR-00303,Riley,Sample,1964,5438 Gorge Rd,Victoria,V9S 5A1,48.43584,-123.370713,Active,Victoria-Swan Lake,VitalStats_Status_Update_2026Q2.csv,2025-04-27,2026-05-16,Victoria-Swan Lake,0,0,0,0,0,0,0,0,1,1,stale_record,1
SIM-VR-00304,Riley,Practice,1958,5737 Douglas St,Victoria,V6X 8X2,48.418465,-123.358966,Active,Victoria-Beacon Hill,Online_Registration_Extract_2026Q2.csv,2024-07-08,2026-05-25,Victoria-Beacon Hill,0,0,0,0,0,0,0,0,1,1,stale_record,1
SIM-VR-00305,Alex,Practice,1978,,Oak Bay,V4H 2R9,48.44163,-123.304689,Active,Oak Bay-Gordon Head,Online_Registration_Extract_2026Q2.csv,2024-11-21,2026-05-30,Oak Bay-Gordon Head,0,0,1,0,0,0,0,0,1,2,missing_address; stale_record,1
SIM-VR-00306,Riley,Demo,2000,786 Admirals Rd,Victoria,V8E 9T1,48.41675,-123.382961,Pending Review,Oak Bay-Gordon Head,Contact_Centre_Update_2026Q2.csv,2025-06-28,2026-05-11,Victoria-Beacon Hill,0,0,0,0,0,0,0,1,0,1,district_mismatch,1
SIM-VR-00307,Reese,Practice,1993,7698 Harbour View Rd,Esquimalt,V4V 8J2,48.426711,-123.433765,Active,Esquimalt-Metchosin,Federal_Electors_Extract_2026Q2.csv,2025-05-11,2026-05-12,Esquimalt-Metchosin,0,0,0,0,0,0,0,0,1,1,stale_record,1
SIM-VR-00308,Riley,Public,1998,1286 Shelbourne St,Saanich,V5A 7N3,48.491541,-123.373271,Active,Saanich South,ICBC_Address_Update_2026Q2.csv,2025-08-14,2026-05-20,Saanich South,0,0,0,0,0,0,0,0,0,0,,0
SIM-VR-00309,Avery,Practice,1981,4876 Harbour View Rd,Victoria,V7Y 3A0,48.461995,-123.369437,Active,Esquimalt-Metchosin,Online_Registration_Extract_2026Q2.csv,2025-05-14,2026-05-03,Victoria-Swan Lake,0,0,0,0,0,0,0,1,1,2,district_mismatch; stale_record,1
SIM-VR-00310,Riley,Test,1945,8375 Cedar Hill Rd,Esquimalt,V1N 0B7,48.449509,-123.449389,Active,Esquimalt-Metchosin,Contact_Centre_Update_2026Q2.csv,2026-04-03,2026-06-08,Esquimalt-Metchosin,0,1,0,0,0,0,0,0,0,1,duplicate_person_address,1
SIM-VR-00311,Morgan,Test,1980,9222 Fort St,Saanich,V9B 1V0,48.498059,-123.352595,Active,Saanich South,ICBC_Address_Update_2026Q2.csv,2026-04-14,2026-06-13,Saanich South,0,0,0,0,0,0,0,0,0,0,,0
SIM-VR-00312,Jordan,Placeholder,1994,2963 Harbour View Rd,Saanich,V5T 6B8,48.474048,-123.382557,Active,Saanich South,Contact_Centre_Update_2026Q2.csv,2026-01-21,2026-05-25,Saanich South,0,0,0,0,0,0,0,0,0,0,,0
SIM-VR-00313,Avery,Synthetic,1982,4823 Cedar Hill Rd,Oak Bay,V4A 3H4,48.45237,-123.325123,Active,Victoria-Beacon Hill,Contact_Centre_Update_2026Q2.csv,2024-07-12,2026-06-23,Oak Bay-Gordon Head,0,0,0,0,0,0,0,1,1,2,district_mismatch; stale_record,1
SIM-VR-00314,Reese,Synthetic,1963,3163 Cook St,Victoria,V7H 4V9,48.442453,-123.35945,Active,Victoria-Swan Lake,Online_Registration_Extract_2026Q2.csv,2026-04-05,2026-05-15,Victoria-Swan Lake,0,0,0,0,0,0,0,0,0,0,,0
SIM-VR-00315,Cameron,Synthetic,1987,9820 Fort St,Victoria,V8S 3V0,48.410777,-123.367621,Active,Victoria-Beacon Hill,Online_Registration_Extract_2026Q2.csv,2025-12-26,2026-05-10,Victoria-Beacon Hill,0,0,0,0,0,0,0,0,0,0,,0
SIM-VR-00316,Cameron,Test,1973,7169 Douglas St,Oak Bay,V4N 6T7,48.429002,-123.319331,Inactive,Oak Bay-Gordon Head,Online_Registration_Extract_2026Q2.csv,2024-07-13,2026-06-09,Oak Bay-Gordon Head,0,0,0,0,0,0,0,0,1,1,stale_record,1
SIM-VR-00317,Jordan,Synthetic,1951,4377 Bay St,Victoria,V6H 3R4,48.429161,-123.380238,Active,Victoria-Beacon Hill,Online_Registration_Extract_2026Q2.csv,2026-02-21,2026-06-10,Victoria-Beacon Hill,0,0,0,0,0,0,0,0,0,0,,0
SIM-VR-00318,Drew,Mock,1967,7903 Shelbourne St,Saanich,V8X 7H3,48.49288,-123.355599,Active,Saanich South,Federal_Electors_Extract_2026Q2.csv,2024-12-10,2026-06-25,Saanich South,0,0,0,0,0,0,0,0,1,1,stale_record,1
SIM-VR-00319,Jordan,Test,1963,9169 Bay St,Victoria,V4A 7N4,48.424283,-123.358248,Active,Victoria-Beacon Hill,VitalStats_Status_Update_2026Q2.csv,2024-11-21,2026-06-07,Victoria-Beacon Hill,0,1,0,0,0,0,0,0,1,2,duplicate_person_address; stale_record,1
SIM-VR-00320,Morgan,Training,1951,7604 Bay St,Saanich,V2G 0Y3,48.49488,-123.376004,Active,Saanich South,Federal_Electors_Extract_2026Q2.csv,2025-07-06,2026-05-20,Saanich South,0,0,0,0,0,0,0,0,0,0,,0
SIM-VR-00321,Drew,Example,1977,8508 Cedar Hill Rd,Victoria,V1E 9X1,48.439747,-123.372013,Active,Victoria-Swan Lake,Online_Registration_Extract_2026Q2.csv,2024-07-24,2026-06-24,Victoria-Swan Lake,0,0,0,0,0,0,0,0,1,1,stale_record,1
SIM-VR-00322,Rowan,Practice,2001,604 Shelbourne St,Victoria,V8N 4S7,48.461798,-123.356289,Active,Victoria-Swan Lake,VitalStats_Status_Update_2026Q2.csv,2025-07-12,2026-06-23,Victoria-Swan Lake,0,0,0,0,0,0,0,0,0,0,,0
SIM-VR-00323,Avery,Mock,1947,,Saanich,V5E 2R9,49.274621,-122.833855,Active,Saanich South,ICBC_Address_Update_2026Q2.csv,2025-03-13,2026-05-10,,0,0,1,0,0,1,1,0,1,4,missing_address; out_of_region; unmatched_district; stale_record,1
SIM-VR-00324,Parker,Public,1973,7437 Cedar Hill Rd,Oak Bay,V6G 8X5,48.423043,-123.287452,Active,Oak Bay-Gordon Head,Federal_Electors_Extract_2026Q2.csv,2024-11-08,2026-05-03,Oak Bay-Gordon Head,0,0,0,0,0,0,0,0,1,1,stale_record,1
SIM-VR-00325,Riley,Demo,1944,3095 Fort St,Esquimalt,V1N 8E4,48.412288,-123.398166,Active,Esquimalt-Metchosin,Contact_Centre_Update_2026Q2.csv,2025-11-30,2026-05-24,Esquimalt-Metchosin,0,0,0,0,0,0,0,0,0,0,,0
SIM-VR-00326,Parker,Synthetic,2004,2102 Shelbourne St,Esquimalt,V0A 3J4,48.448093,-123.435396,Active,Esquimalt-Metchosin,ICBC_Address_Update_2026Q2.csv,2024-10-27,2026-06-15,Esquimalt-Metchosin,0,0,0,0,0,0,0,0,1,1,stale_record,1
SIM-VR-00327,Morgan,Example,1962,3830 Fort St,Esquimalt,V3T 7A5,,,Active,Victoria-Swan Lake,VitalStats_Status_Update_2026Q2.csv,2025-09-15,2026-05-20,,0,0,0,0,1,0,1,0,0,2,missing_location; unmatched_district,1
SIM-VR-00328,Parker,Practice,1994,6633 Fort St,Saanich,V4R 0G2,48.479703,-123.38356,Active,Saanich South,Contact_Centre_Update_2026Q2.csv,2025-08-12,2026-06-07,Saanich South,0,0,0,0,0,0,0,0,0,0,,0
SIM-VR-00329,Jamie,Training,1994,1868 Admirals Rd,Esquimalt,V0H 0S7,48.410014,-123.414599,Active,Esquimalt-Metchosin,ICBC_Address_Update_2026Q2.csv,2026-06-07,2026-05-30,Esquimalt-Metchosin,0,0,0,0,0,0,0,0,0,0,,0
SIM-VR-00330,Parker,Placeholder,2006,161 Hillside Ave,Esquimalt,V6T 4Y3,48.424931,-123.41873,Active,Esquimalt-Metchosin,ICBC_Address_Update_2026Q2.csv,2026-06-09,2026-06-21,Esquimalt-Metchosin,0,0,0,0,0,0,0,0,0,0,,0
SIM-VR-00331,Riley,Sample,1951,6292 Pandora Ave,Esquimalt,V7N 7T7,48.412948,-123.426977,Inactive,Esquimalt-Metchosin,Federal_Electors_Extract_2026Q2.csv,2024-09-11,2026-06-21,Esquimalt-Metchosin,0,0,0,0,0,0,0,0,1,1,stale_record,1
SIM-VR-00332,Riley,Example,1981,251 Cook St,Esquimalt,V5J 9B9,48.443041,-123.431468,Active,Esquimalt-Metchosin,Federal_Electors_Extract_2026Q2.csv,2026-02-01,2026-06-16,Esquimalt-Metchosin,0,0,0,0,0,0,0,0,0,0,,0
SIM-VR-00333,Alex,Mock,1999,9654 Cook St,Saanich,V4S 2B5,48.500294,-123.364865,Inactive,Saanich South,Federal_Electors_Extract_2026Q2.csv,2025-05-19,2026-05-11,Saanich South,0,0,0,0,0,0,0,0,1,1,stale_record,1
SIM-VR-00334,Drew,Training,1987,5213 Tillicum Rd,Oak Bay,V1N 8V1,48.446803,-123.324341,Active,Oak Bay-Gordon Head,Online_Registration_Extract_2026Q2.csv,2024-12-30,2026-06-04,Oak Bay-Gordon Head,0,0,0,0,0,0,0,0,1,1,stale_record,1
SIM-VR-00335,Quinn,Demo,1951,7339 Shelbourne St,Victoria,V2S 9X3,,,Inactive,Oak Bay-Gordon Head,VitalStats_Status_Update_2026Q2.csv,2024-12-17,2026-05-08,,0,0,0,0,1,0,1,0,1,3,missing_location; unmatched_district; stale_record,1
SIM-VR-00336,Avery,Public,1997,7289 Admirals Rd,Oak Bay,V1X 5B7,48.443977,-123.309815,Active,Oak Bay-Gordon Head,Federal_Electors_Extract_2026Q2.csv,2025-04-18,2026-05-09,Oak Bay-Gordon Head,0,0,0,0,0,0,0,0,1,1,stale_record,1
SIM-VR-00337,Jordan,Demo,1970,236 Bay St,Esquimalt,V3H 9E9,48.414811,-123.418212,Pending Review,Esquimalt-Metchosin,Federal_Electors_Extract_2026Q2.csv,2026-02-19,2026-06-03,Esquimalt-Metchosin,0,0,0,0,0,0,0,0,0,0,,1
SIM-VR-00338,Casey,Example,1960,1517 Tillicum Rd,Victoria,V2R 3N2,48.42974,-123.390688,Active,Victoria-Beacon Hill,Federal_Electors_Extract_2026Q2.csv,2025-01-06,2026-05-12,Victoria-Beacon Hill,0,0,0,0,0,0,0,0,1,1,stale_record,1
SIM-VR-00339,Parker,Synthetic,1958,8506 Gorge Rd,Victoria,V3T 1R9,48.462642,-123.351203,Active,Victoria-Swan Lake,VitalStats_Status_Update_2026Q2.csv,2026-02-07,2026-05-14,Victoria-Swan Lake,0,0,0,0,0,0,0,0,0,0,,0
SIM-VR-00340,Avery,Mock,1956,608 Tillicum Rd,Oak Bay,12345,49.484788,-122.701308,Active,Oak Bay-Gordon Head,Contact_Centre_Update_2026Q2.csv,2024-09-25,2026-05-30,,0,0,0,1,0,1,1,0,1,4,invalid_postal_code; out_of_region; unmatched_district; stale_record,1
SIM-VR-00341,Rowan,Training,1951,6218 Bay St,Saanich,V1E 0N5,48.472751,-123.380108,Active,Saanich South,Federal_Electors_Extract_2026Q2.csv,2025-06-12,2026-06-22,Saanich South,0,0,0,0,0,0,0,0,1,1,stale_record,1
SIM-VR-00342,Rowan,Public,1999,4330 Shelbourne St,Saanich,V9X 1X4,49.441037,-122.525228,Active,Saanich South,VitalStats_Status_Update_2026Q2.csv,2024-11-19,2026-06-10,,0,0,0,0,0,1,1,0,1,3,out_of_region; unmatched_district; stale_record,1
SIM-VR-00343,Drew,Demo,1946,6757 Bay St,Victoria,V1T 6T2,48.461692,-123.36591,Active,Victoria-Swan Lake,ICBC_Address_Update_2026Q2.csv,2024-01-25,2026-06-14,Victoria-Swan Lake,0,0,0,0,0,0,0,0,1,1,stale_record,1
SIM-VR-00344,Avery,Example,1963,3755 Pandora Ave,Victoria,V8N 8T0,48.426022,-123.365276,Active,Victoria-Beacon Hill,Online_Registration_Extract_2026Q2.csv,2024-09-07,2026-05-04,Victoria-Beacon Hill,0,0,0,0,0,0,0,0,1,1,stale_record,1
SIM-VR-00345,Drew,Demo,1964,3426 Gorge Rd,Victoria,V2S 5S1,49.458816,-122.832815,Inactive,Victoria-Swan Lake,Online_Registration_Extract_2026Q2.csv,2025-12-09,2026-06-07,,0,0,0,0,0,1,1,0,0,2,out_of_region; unmatched_district,1
SIM-VR-00346,Quinn,Test,1990,7426 Harbour View Rd,Oak Bay,V7C 4B2,48.456964,-123.297241,Active,Victoria-Swan Lake,VitalStats_Status_Update_2026Q2.csv,2026-02-06,2026-05-07,Oak Bay-Gordon Head,0,0,0,0,0,0,0,1,0,1,district_mismatch,1
SIM-VR-00347,Parker,Training,1983,4514 Admirals Rd,Victoria,V4G 1P5,48.40913,-123.382072,Active,Victoria-Beacon Hill,Online_Registration_Extract_2026Q2.csv,2026-06-15,2026-06-09,Victoria-Beacon Hill,0,0,0,0,0,0,0,0,0,0,,0
SIM-VR-00348,Alex,Placeholder,1969,3186 Cedar Hill Rd,Victoria,V9Y 8E9,48.446039,-123.363647,Active,Victoria-Swan Lake,Online_Registration_Extract_2026Q2.csv,2024-09-09,2026-06-11,Victoria-Swan Lake,0,0,0,0,0,0,0,0,1,1,stale_record,1
SIM-VR-00349,Hayden,Mock,1959,798 Admirals Rd,Victoria,V3X 4Y4,48.412094,-123.389769,Active,Victoria-Beacon Hill,Contact_Centre_Update_2026Q2.csv,2024-07-31,2026-06-16,Victoria-Beacon Hill,0,0,0,0,0,0,0,0,1,1,stale_record,1
SIM-VR-00350,Cameron,Synthetic,2007,6719 Douglas St,Saanich,V3Y 6G0,48.469926,-123.355065,Active,Saanich South,Online_Registration_Extract_2026Q2.csv,2024-08-18,2026-06-13,Saanich South,0,0,0,0,0,0,0,0,1,1,stale_record,1
SIM-VR-00351,Morgan,Public,1993,7668 Harbour View Rd,Victoria,V2R 9E7,49.382906,-122.553612,Active,Victoria-Swan Lake,Federal_Electors_Extract_2026Q2.csv,2024-08-01,2026-05-02,,0,0,0,0,0,1,1,0,1,3,out_of_region; unmatched_district; stale_record,1
SIM-VR-00352,Taylor,Demo,1990,6165 Admirals Rd,Esquimalt,V0J 8H8,48.432789,-123.443633,Active,Esquimalt-Metchosin,VitalStats_Status_Update_2026Q2.csv,2025-01-11,2026-05-10,Esquimalt-Metchosin,0,0,0,0,0,0,0,0,1,1,stale_record,1
SIM-VR-00353,Avery,Placeholder,1995,1631 Pandora Ave,Victoria,V3N 5S5,48.414678,-123.38926,Active,Victoria-Beacon Hill,Federal_Electors_Extract_2026Q2.csv,2025-07-21,2026-06-17,Victoria-Beacon Hill,0,0,0,0,0,0,0,0,0,0,,0
SIM-VR-00354,Casey,Training,1953,4091 Douglas St,Saanich,V8Z4,48.468427,-123.37211,Active,Saanich South,VitalStats_Status_Update_2026Q2.csv,2025-10-22,2026-06-16,Saanich South,0,0,0,1,0,0,0,0,0,1,invalid_postal_code,1
SIM-VR-00355,Avery,Training,1968,6917 Bay St,Victoria,V8X 2T9,48.416119,-123.389461,Active,Victoria-Beacon Hill,Federal_Electors_Extract_2026Q2.csv,2025-03-15,2026-05-09,Victoria-Beacon Hill,0,0,0,0,0,0,0,0,1,1,stale_record,1
SIM-VR-00356,Sam,Sample,1985,3675 Admirals Rd,Esquimalt,V6A 5B0,48.423966,-123.421319,Inactive,Esquimalt-Metchosin,Online_Registration_Extract_2026Q2.csv,2024-11-27,2026-05-26,Esquimalt-Metchosin,0,0,0,0,0,0,0,0,1,1,stale_record,1
SIM-VR-00357,Casey,Public,2004,,Esquimalt,V3G 1R5,48.415534,-123.409927,Active,Esquimalt-Metchosin,Contact_Centre_Update_2026Q2.csv,2025-07-11,2026-06-16,Esquimalt-Metchosin,0,0,1,0,0,0,0,0,0,1,missing_address,1
SIM-VR-00358,Rowan,Test,1975,9260 Gorge Rd,Victoria,V6R 6H7,48.417115,-123.361991,Active,Victoria-Beacon Hill,Online_Registration_Extract_2026Q2.csv,2026-02-24,2026-05-02,Victoria-Beacon Hill,0,0,0,0,0,0,0,0,0,0,,0
SIM-VR-00359,Cameron,Placeholder,1976,9019 Cook St,Esquimalt,V6J 6P9,48.421299,-123.450689,Pending Review,Esquimalt-Metchosin,VitalStats_Status_Update_2026Q2.csv,2026-06-18,2026-05-18,Esquimalt-Metchosin,0,0,0,0,0,0,0,0,0,0,,1
SIM-VR-00360,Drew,Training,1986,6673 Cook St,Oak Bay,V0X 8C4,48.470508,-123.317045,Active,Oak Bay-Gordon Head,Contact_Centre_Update_2026Q2.csv,2025-07-06,2026-05-11,Oak Bay-Gordon Head,0,0,0,0,0,0,0,0,0,0,,0
SIM-VR-00361,Jamie,Example,1990,618 Hillside Ave,Victoria,V0V 9T7,48.422365,-123.376749,Active,Oak Bay-Gordon Head,ICBC_Address_Update_2026Q2.csv,2025-09-28,2026-06-17,Victoria-Beacon Hill,0,0,0,0,0,0,0,1,0,1,district_mismatch,1
SIM-VR-00362,Riley,Training,2003,7965 Cedar Hill Rd,Esquimalt,V2R 8V5,48.429077,-123.412117,Active,Esquimalt-Metchosin,VitalStats_Status_Update_2026Q2.csv,2025-05-16,2026-05-15,Esquimalt-Metchosin,0,0,0,0,0,0,0,0,1,1,stale_record,1
SIM-VR-00363,Cameron,Practice,1944,459 Hillside Ave,Victoria,V9H 4T6,49.431762,-122.446622,Active,Victoria-Beacon Hill,VitalStats_Status_Update_2026Q2.csv,2025-06-15,2026-04-27,,0,0,0,0,0,1,1,0,1,3,out_of_region; unmatched_district; stale_record,1
SIM-VR-00364,Taylor,Public,1984,551 Admirals Rd,Oak Bay,V0C 4Y3,48.426789,-123.31844,Active,Victoria-Beacon Hill,Contact_Centre_Update_2026Q2.csv,2024-08-14,2026-06-03,Oak Bay-Gordon Head,0,0,0,0,0,0,0,1,1,2,district_mismatch; stale_record,1
SIM-VR-00365,Jamie,Example,2001,6488 Shelbourne St,Victoria,V0V 3C1,48.41725,-123.38997,Pending Review,Victoria-Beacon Hill,VitalStats_Status_Update_2026Q2.csv,2025-03-03,2026-05-24,Victoria-Beacon Hill,0,0,0,0,0,0,0,0,1,1,stale_record,1
SIM-VR-00366,Rowan,Example,1964,7369 Tillicum Rd,Oak Bay,V7A 3P7,48.454979,-123.300195,Active,Oak Bay-Gordon Head,ICBC_Address_Update_2026Q2.csv,2024-08-20,2026-05-26,Oak Bay-Gordon Head,0,0,0,0,0,0,0,0,1,1,stale_record,1
SIM-VR-00367,Riley,Test,1985,615 Bay St,Victoria,V0C 4X6,,,Active,Victoria-Swan Lake,Online_Registration_Extract_2026Q2.csv,2024-07-20,2026-06-24,,0,0,0,0,1,0,1,0,1,3,missing_location; unmatched_district; stale_record,1
SIM-VR-00368,Alex,Training,1958,7996 Admirals Rd,Esquimalt,V5V 4S5,48.437044,-123.40734,Active,Esquimalt-Metchosin,ICBC_Address_Update_2026Q2.csv,2024-11-08,2026-05-25,Esquimalt-Metchosin,0,0,0,0,0,0,0,0,1,1,stale_record,1
SIM-VR-00369,Avery,Placeholder,1952,6410 Harbour View Rd,Victoria,V0A 8Y8,48.421159,-123.384778,Active,Victoria-Beacon Hill,VitalStats_Status_Update_2026Q2.csv,2025-02-27,2026-06-09,Victoria-Beacon Hill,0,0,0,0,0,0,0,0,1,1,stale_record,1
SIM-VR-00370,Parker,Practice,1976,4337 Douglas St,Esquimalt,V7C 3C8,48.431139,-123.408184,Active,Esquimalt-Metchosin,ICBC_Address_Update_2026Q2.csv,2025-07-10,2026-06-03,Esquimalt-Metchosin,0,0,0,0,0,0,0,0,0,0,,0
SIM-VR-00371,Jamie,Placeholder,1946,8112 Tillicum Rd,Oak Bay,V2N 7J2,48.426712,-123.303677,Active,Oak Bay-Gordon Head,Federal_Electors_Extract_2026Q2.csv,2025-09-08,2026-06-19,Oak Bay-Gordon Head,0,0,0,0,0,0,0,0,0,0,,0
SIM-VR-00372,Alex,Test,1942,3227 Tillicum Rd,Esquimalt,V3E 5J4,48.427795,-123.431008,Active,Esquimalt-Metchosin,Contact_Centre_Update_2026Q2.csv,2025-01-09,2026-06-14,Esquimalt-Metchosin,0,0,0,0,0,0,0,0,1,1,stale_record,1
SIM-VR-00373,Cameron,Public,1947,5112 Cook St,Victoria,V4H 1R9,48.455277,-123.390715,Pending Review,Victoria-Swan Lake,ICBC_Address_Update_2026Q2.csv,2025-02-14,2026-05-07,Victoria-Swan Lake,0,0,0,0,0,0,0,0,1,1,stale_record,1
SIM-VR-00374,Rowan,Practice,1999,1229 Tillicum Rd,Victoria,V9A 6N5,48.452637,-123.36929,Active,Victoria-Swan Lake,Online_Registration_Extract_2026Q2.csv,2025-02-20,2026-06-08,Victoria-Swan Lake,0,0,0,0,0,0,0,0,1,1,stale_record,1
SIM-VR-00375,Avery,Training,1943,8346 Douglas St,Esquimalt,V2V 4T2,48.434474,-123.420156,Active,Esquimalt-Metchosin,Federal_Electors_Extract_2026Q2.csv,2026-04-30,2026-05-22,Esquimalt-Metchosin,0,0,0,0,0,0,0,0,0,0,,0
SIM-VR-00376,Taylor,Demo,1970,8419 Tillicum Rd,Esquimalt,V1T 4B9,48.420388,-123.440802,Active,Esquimalt-Metchosin,Federal_Electors_Extract_2026Q2.csv,2025-07-23,2026-05-27,Esquimalt-Metchosin,0,0,0,0,0,0,0,0,0,0,,0
SIM-VR-00377,Avery,Test,1988,7403 Cedar Hill Rd,Victoria,V3V 8T7,48.435385,-123.362479,Pending Review,Victoria-Swan Lake,Contact_Centre_Update_2026Q2.csv,2025-02-03,2026-05-07,Victoria-Swan Lake,0,1,0,0,0,0,0,0,1,2,duplicate_person_address; stale_record,1
SIM-VR-00378,Alex,Public,1992,918 Pandora Ave,Saanich,V2Y 8X2,48.474903,-123.356995,Active,Saanich South,VitalStats_Status_Update_2026Q2.csv,2025-09-05,2026-05-28,Saanich South,0,0,0,0,0,0,0,0,0,0,,0
SIM-VR-00379,Alex,Test,1963,2575 Admirals Rd,Esquimalt,V6A 4N9,48.430896,-123.414142,Active,Esquimalt-Metchosin,Federal_Electors_Extract_2026Q2.csv,2025-05-03,2026-06-17,Esquimalt-Metchosin,0,0,0,0,0,0,0,0,1,1,stale_record,1
SIM-VR-00380,Jamie,Placeholder,1944,7735 Tillicum Rd,Esquimalt,V1Y 4G0,48.436248,-123.410009,Active,Esquimalt-Metchosin,ICBC_Address_Update_2026Q2.csv,2025-04-05,2026-05-06,Esquimalt-Metchosin,0,1,0,0,0,0,0,0,1,2,duplicate_person_address; stale_record,1
SIM-VR-00381,Riley,Synthetic,1980,6142 Gorge Rd,Esquimalt,V8A 1C2,48.434785,-123.448172,Active,Esquimalt-Metchosin,Online_Registration_Extract_2026Q2.csv,2025-05-05,2026-05-07,Esquimalt-Metchosin,0,0,0,0,0,0,0,0,1,1,stale_record,1
SIM-VR-00382,Cameron,Test,1964,4078 Fort St,Esquimalt,V3P 4J5,48.417605,-123.418412,Inactive,Oak Bay-Gordon Head,Online_Registration_Extract_2026Q2.csv,2025-12-15,2026-05-21,Esquimalt-Metchosin,0,0,0,0,0,0,0,1,0,1,district_mismatch,1
SIM-VR-00383,Riley,Mock,1998,2784 Douglas St,Esquimalt,V0Y 2E6,48.413941,-123.444054,Active,Esquimalt-Metchosin,VitalStats_Status_Update_2026Q2.csv,2026-05-30,2026-06-22,Esquimalt-Metchosin,0,0,0,0,0,0,0,0,0,0,,0
SIM-VR-00384,Jamie,Synthetic,1984,3595 Bay St,Victoria,V2A 5G7,48.410392,-123.382548,Active,Victoria-Beacon Hill,Federal_Electors_Extract_2026Q2.csv,2025-10-28,2026-05-16,Victoria-Beacon Hill,0,0,0,0,0,0,0,0,0,0,,0
SIM-VR-00385,Casey,Practice,1973,126 Cedar Hill Rd,Esquimalt,V4E 0T6,48.408007,-123.434255,Active,Esquimalt-Metchosin,Federal_Electors_Extract_2026Q2.csv,2025-05-03,2026-05-18,Esquimalt-Metchosin,0,0,0,0,0,0,0,0,1,1,stale_record,1
SIM-VR-00386,Parker,Public,1976,1153 Fort St,Esquimalt,V9G 7G2,48.446289,-123.402946,Active,Esquimalt-Metchosin,Federal_Electors_Extract_2026Q2.csv,2025-07-11,2026-05-21,Esquimalt-Metchosin,0,0,0,0,0,0,0,0,0,0,,0
SIM-VR-00387,Jordan,Practice,1985,4296 Shelbourne St,Oak Bay,V8P 4X3,48.423715,-123.329116,Active,Oak Bay-Gordon Head,Contact_Centre_Update_2026Q2.csv,2024-12-09,2026-05-14,Oak Bay-Gordon Head,0,0,0,0,0,0,0,0,1,1,stale_record,1
SIM-VR-00388,Avery,Sample,1945,4192 Cedar Hill Rd,Victoria,V7S 7H1,48.409641,-123.375147,Inactive,Victoria-Beacon Hill,Contact_Centre_Update_2026Q2.csv,2025-02-15,2026-05-12,Victoria-Beacon Hill,0,0,0,0,0,0,0,0,1,1,stale_record,1
SIM-VR-00389,Quinn,Practice,1990,1015 Bay St,Victoria,V7N 3C8,48.436924,-123.385024,Active,Victoria-Swan Lake,Federal_Electors_Extract_2026Q2.csv,2025-12-28,2026-05-15,Victoria-Swan Lake,0,0,0,0,0,0,0,0,0,0,,0
SIM-VR-00390,Rowan,Test,1983,855 Harbour View Rd,Esquimalt,V0E 0V5,48.428503,-123.439464,Active,Esquimalt-Metchosin,Contact_Centre_Update_2026Q2.csv,2025-07-11,2026-06-02,Esquimalt-Metchosin,0,0,0,0,0,0,0,0,0,0,,0
SIM-VR-00391,Jamie,Training,1948,6586 Douglas St,Esquimalt,V2N 2C4,48.434389,-123.414673,Active,Esquimalt-Metchosin,VitalStats_Status_Update_2026Q2.csv,2024-08-14,2026-05-31,Esquimalt-Metchosin,0,0,0,0,0,0,0,0,1,1,stale_record,1
SIM-VR-00392,Jamie,Sample,1944,180 Fort St,Saanich,V3Y 4P4,48.477666,-123.381863,Pending Review,Saanich South,Federal_Electors_Extract_2026Q2.csv,2025-02-09,2026-06-17,Saanich South,0,0,0,0,0,0,0,0,1,1,stale_record,1
SIM-VR-00393,Sam,Synthetic,1970,8077 Admirals Rd,Saanich,V2P 4B5,48.495529,-123.361012,Active,Saanich South,Online_Registration_Extract_2026Q2.csv,2025-09-10,2026-05-22,Saanich South,0,0,0,0,0,0,0,0,0,0,,0
SIM-VR-00394,Sam,Demo,1964,3023 Pandora Ave,Victoria,V3N 0J0,48.410146,-123.375597,Active,Victoria-Beacon Hill,VitalStats_Status_Update_2026Q2.csv,2025-03-06,2026-06-25,Victoria-Beacon Hill,0,0,0,0,0,0,0,0,1,1,stale_record,1
SIM-VR-00395,Alex,Synthetic,2004,1401 Pandora Ave,Saanich,V4G 9T8,48.487048,-123.343581,Pending Review,Saanich South,Contact_Centre_Update_2026Q2.csv,2026-04-14,2026-05-23,Saanich South,0,0,0,0,0,0,0,0,0,0,,1
SIM-VR-00396,Alex,Training,1976,2881 Harbour View Rd,Saanich,V9Y 5A4,48.500298,-123.361595,Active,Saanich South,ICBC_Address_Update_2026Q2.csv,2026-03-04,2026-06-24,Saanich South,1,1,0,0,0,0,0,0,0,2,duplicate_id; duplicate_person_address,1
SIM-VR-00397,Taylor,Example,1976,9186 Cook St,Victoria,V8R 9R8,48.461012,-123.359046,Inactive,Victoria-Swan Lake,VitalStats_Status_Update_2026Q2.csv,2025-05-17,2026-06-02,Victoria-Swan Lake,0,0,0,0,0,0,0,0,1,1,stale_record,1
SIM-VR-00398,Morgan,Public,1962,6318 Tillicum Rd,Saanich,V6C 8N5,49.469979,-122.726083,Pending Review,Saanich South,VitalStats_Status_Update_2026Q2.csv,2026-05-29,2026-05-14,,0,0,0,0,0,1,1,0,0,2,out_of_region; unmatched_district,1
SIM-VR-00399,Hayden,Practice,1962,7623 Admirals Rd,Victoria,V4R 3H5,48.424334,-123.364665,Active,Victoria-Beacon Hill,Contact_Centre_Update_2026Q2.csv,2024-09-13,2026-05-03,Victoria-Beacon Hill,0,0,0,0,0,0,0,0,1,1,stale_record,1
SIM-VR-00400,Quinn,Practice,1971,,Oak Bay,V4C 2E3,48.457546,-123.326389,Active,Oak Bay-Gordon Head,VitalStats_Status_Update_2026Q2.csv,2024-09-30,2026-06-13,Oak Bay-Gordon Head,0,0,1,0,0,0,0,0,1,2,missing_address; stale_record,1
SIM-VR-00401,Sam,Practice,1963,8214 Admirals Rd,Esquimalt,V3R 5C1,48.450335,-123.430539,Active,Esquimalt-Metchosin,Contact_Centre_Update_2026Q2.csv,2025-09-06,2026-05-12,Esquimalt-Metchosin,0,0,0,0,0,0,0,0,0,0,,0
SIM-VR-00402,Casey,Mock,1946,9166 Gorge Rd,Victoria,V8Z-4K9,48.408826,-123.380428,Active,Victoria-Beacon Hill,Federal_Electors_Extract_2026Q2.csv,2024-10-11,2026-06-11,Victoria-Beacon Hill,0,0,0,1,0,0,0,0,1,2,invalid_postal_code; stale_record,1
SIM-VR-00403,Casey,Synthetic,2006,1921 Harbour View Rd,Esquimalt,V3G 8X9,48.417775,-123.408888,Active,Esquimalt-Metchosin,Federal_Electors_Extract_2026Q2.csv,2025-06-03,2026-06-18,Esquimalt-Metchosin,0,0,0,0,0,0,0,0,1,1,stale_record,1
SIM-VR-00404,Alex,Mock,1962,9679 Douglas St,Victoria,V8H 5V5,48.460003,-123.384718,Active,Victoria-Swan Lake,VitalStats_Status_Update_2026Q2.csv,2026-06-07,2026-06-02,Victoria-Swan Lake,1,1,0,0,0,0,0,0,0,2,duplicate_id; duplicate_person_address,1
SIM-VR-00405,Reese,Demo,1943,2626 Shelbourne St,Saanich,V9J 1S1,48.474983,-123.378407,Active,Saanich South,Online_Registration_Extract_2026Q2.csv,2024-09-02,2026-06-13,Saanich South,0,0,0,0,0,0,0,0,1,1,stale_record,1
SIM-VR-00406,Jordan,Sample,1946,2333 Hillside Ave,Esquimalt,V9V 5G8,48.438828,-123.441763,Pending Review,Esquimalt-Metchosin,ICBC_Address_Update_2026Q2.csv,2025-10-21,2026-05-31,Esquimalt-Metchosin,0,0,0,0,0,0,0,0,0,0,,1
SIM-VR-00407,Jamie,Sample,2007,8635 Harbour View Rd,Esquimalt,V5J 2B6,48.42475,-123.448525,Active,Esquimalt-Metchosin,Contact_Centre_Update_2026Q2.csv,2024-07-06,2026-06-01,Esquimalt-Metchosin,0,0,0,0,0,0,0,0,1,1,stale_record,1
SIM-VR-00408,Sam,Sample,1972,6556 Gorge Rd,Esquimalt,V8V 0H1,48.424911,-123.401424,Active,Esquimalt-Metchosin,Federal_Electors_Extract_2026Q2.csv,2026-05-10,2026-06-08,Esquimalt-Metchosin,0,0,0,0,0,0,0,0,0,0,,0
SIM-VR-00409,Taylor,Mock,1988,8482 Hillside Ave,Saanich,V2A 7Y4,48.499683,-123.374596,Active,Saanich South,Federal_Electors_Extract_2026Q2.csv,2025-12-02,2026-06-09,Saanich South,0,0,0,0,0,0,0,0,0,0,,0
SIM-VR-00410,Parker,Training,1987,5427 Gorge Rd,Saanich,V2J 8P2,48.483751,-123.375937,Active,Saanich South,ICBC_Address_Update_2026Q2.csv,2024-09-05,2026-06-08,Saanich South,0,0,0,0,0,0,0,0,1,1,stale_record,1
SIM-VR-00411,Drew,Placeholder,1958,2260 Cedar Hill Rd,Oak Bay,V7V 7S9,48.435514,-123.328515,Active,Oak Bay-Gordon Head,ICBC_Address_Update_2026Q2.csv,2025-07-29,2026-06-06,Oak Bay-Gordon Head,0,0,0,0,0,0,0,0,0,0,,0
SIM-VR-00412,Sam,Training,2003,7210 Hillside Ave,Victoria,V6R 0J4,48.450385,-123.348273,Active,Victoria-Swan Lake,VitalStats_Status_Update_2026Q2.csv,2025-10-07,2026-06-15,Victoria-Swan Lake,0,0,0,0,0,0,0,0,0,0,,0
SIM-VR-00413,Jordan,Demo,2002,9216 Fort St,Saanich,V5H 5V6,48.468859,-123.388123,Pending Review,Saanich South,VitalStats_Status_Update_2026Q2.csv,2025-02-17,2026-06-22,Saanich South,0,0,0,0,0,0,0,0,1,1,stale_record,1
SIM-VR-00414,Jamie,Placeholder,1974,6314 Shelbourne St,Victoria,V3C 6H9,48.443266,-123.344841,Active,Victoria-Swan Lake,VitalStats_Status_Update_2026Q2.csv,2026-05-12,2026-05-21,Victoria-Swan Lake,0,0,0,0,0,0,0,0,0,0,,0
SIM-VR-00415,Hayden,Practice,1998,6356 Pandora Ave,Victoria,V7G 6E9,48.420751,-123.385977,Active,Victoria-Beacon Hill,VitalStats_Status_Update_2026Q2.csv,2026-05-23,2026-05-22,Victoria-Beacon Hill,0,0,0,0,0,0,0,0,0,0,,0
SIM-VR-00416,Alex,Mock,1958,1776 Admirals Rd,Oak Bay,V0N 7V0,48.445787,-123.296452,Active,Victoria-Swan Lake,Online_Registration_Extract_2026Q2.csv,2025-08-03,2026-06-08,Oak Bay-Gordon Head,0,0,0,0,0,0,0,1,0,1,district_mismatch,1
SIM-VR-00417,Casey,Example,1973,4889 Douglas St,Oak Bay,V0J 1P1,48.431069,-123.296793,Active,Oak Bay-Gordon Head,VitalStats_Status_Update_2026Q2.csv,2025-04-28,2026-05-06,Oak Bay-Gordon Head,0,0,0,0,0,0,0,0,1,1,stale_record,1
SIM-VR-00418,Rowan,Mock,1987,743 Cook St,Esquimalt,V6N 2C2,48.442674,-123.437774,Inactive,Esquimalt-Metchosin,ICBC_Address_Update_2026Q2.csv,2025-03-06,2026-05-06,Esquimalt-Metchosin,1,1,0,0,0,0,0,0,1,3,duplicate_id; duplicate_person_address; stale_record,1
SIM-VR-00419,Cameron,Public,2006,2816 Douglas St,Saanich,V8H 3A1,48.493883,-123.37796,Active,Saanich South,VitalStats_Status_Update_2026Q2.csv,2025-11-09,2026-05-01,Saanich South,0,0,0,0,0,0,0,0,0,0,,0
SIM-VR-00420,Reese,Example,1966,2311 Shelbourne St,Victoria,V5J 7Y9,48.428506,-123.37531,Active,Victoria-Beacon Hill,ICBC_Address_Update_2026Q2.csv,2026-02-17,2026-06-05,Victoria-Beacon Hill,0,0,0,0,0,0,0,0,0,0,,0
SIM-VR-00421,Rowan,Public,1981,5555 Shelbourne St,Oak Bay,V6C 4S5,48.425248,-123.320573,Active,Oak Bay-Gordon Head,ICBC_Address_Update_2026Q2.csv,2025-02-25,2026-06-21,Oak Bay-Gordon Head,0,0,0,0,0,0,0,0,1,1,stale_record,1
SIM-VR-00422,Parker,Mock,1956,5947 Bay St,Saanich,V3H 4H3,48.478992,-123.392492,Inactive,Saanich South,VitalStats_Status_Update_2026Q2.csv,2024-09-19,2026-05-05,Saanich South,0,0,0,0,0,0,0,0,1,1,stale_record,1
SIM-VR-00423,Casey,Training,1953,402 Cook St,Victoria,V3B 9R6,48.446426,-123.343806,Active,Victoria-Swan Lake,Online_Registration_Extract_2026Q2.csv,2025-12-20,2026-05-29,Victoria-Swan Lake,0,0,0,0,0,0,0,0,0,0,,0
SIM-VR-00424,Hayden,Test,1995,8259 Pandora Ave,Victoria,V4G 3X3,48.438642,-123.38812,Pending Review,Victoria-Swan Lake,Online_Registration_Extract_2026Q2.csv,2025-04-02,2026-05-05,Victoria-Swan Lake,0,0,0,0,0,0,0,0,1,1,stale_record,1
SIM-VR-00425,Cameron,Example,1946,5332 Tillicum Rd,Victoria,V9N 5S9,48.445853,-123.34238,Active,Victoria-Swan Lake,Contact_Centre_Update_2026Q2.csv,2025-05-23,2026-06-06,Victoria-Swan Lake,0,0,0,0,0,0,0,0,1,1,stale_record,1
SIM-VR-00426,Sam,Practice,1949,7703 Douglas St,Saanich,V2S 7B2,48.46911,-123.337253,Active,Saanich South,Contact_Centre_Update_2026Q2.csv,2024-10-01,2026-06-13,Saanich South,0,0,0,0,0,0,0,0,1,1,stale_record,1
SIM-VR-00427,Morgan,Demo,1991,9362 Bay St,Victoria,V2E 8B8,48.446762,-123.342833,Active,Victoria-Swan Lake,Contact_Centre_Update_2026Q2.csv,2025-07-30,2026-06-18,Victoria-Swan Lake,0,0,0,0,0,0,0,0,0,0,,0
SIM-VR-00428,Avery,Example,1999,5936 Douglas St,Victoria,V2H 7C7,48.437553,-123.345272,Active,Victoria-Swan Lake,Contact_Centre_Update_2026Q2.csv,2025-07-01,2026-06-25,Victoria-Swan Lake,0,0,0,0,0,0,0,0,0,0,,0
SIM-VR-00429,Jordan,Training,1998,1777 Pandora Ave,Saanich,V6J 8Y4,48.483092,-123.364902,Active,Saanich South,VitalStats_Status_Update_2026Q2.csv,2025-04-02,2026-05-30,Saanich South,0,0,0,0,0,0,0,0,1,1,stale_record,1
SIM-VR-00430,Rowan,Placeholder,1999,1444 Bay St,Saanich,V6X 0J5,,,Active,Saanich South,VitalStats_Status_Update_2026Q2.csv,2025-01-24,2026-05-13,,0,0,0,0,1,0,1,0,1,3,missing_location; unmatched_district; stale_record,1
SIM-VR-00431,Quinn,Training,2002,,Saanich,V4V 5V8,48.482283,-123.351676,Active,Saanich South,Online_Registration_Extract_2026Q2.csv,2025-04-12,2026-05-07,Saanich South,0,0,1,0,0,0,0,0,1,2,missing_address; stale_record,1
SIM-VR-00432,Alex,Practice,1944,1727 Cedar Hill Rd,Oak Bay,V5P 3N7,48.422412,-123.309933,Active,Oak Bay-Gordon Head,Contact_Centre_Update_2026Q2.csv,2025-09-23,2026-05-15,Oak Bay-Gordon Head,0,0,0,0,0,0,0,0,0,0,,0
SIM-VR-00433,Taylor,Example,1971,7385 Harbour View Rd,Saanich,V8T 1B0,48.47205,-123.383699,Active,Saanich South,Federal_Electors_Extract_2026Q2.csv,2025-05-09,2026-06-01,Saanich South,0,0,0,0,0,0,0,0,1,1,stale_record,1
SIM-VR-00434,Jamie,Sample,1951,9732 Cedar Hill Rd,Victoria,V9C 5C4,48.423427,-123.373039,Active,Victoria-Beacon Hill,Federal_Electors_Extract_2026Q2.csv,2026-01-01,2026-05-24,Victoria-Beacon Hill,0,0,0,0,0,0,0,0,0,0,,0
SIM-VR-00435,Hayden,Mock,2003,5918 Cook St,Oak Bay,V9E 1S0,48.438762,-123.289025,Inactive,Oak Bay-Gordon Head,Federal_Electors_Extract_2026Q2.csv,2025-08-12,2026-06-19,Oak Bay-Gordon Head,0,0,0,0,0,0,0,0,0,0,,0
SIM-VR-00436,Parker,Test,1990,5196 Cook St,Victoria,V2X 5B5,,,Active,Victoria-Beacon Hill,VitalStats_Status_Update_2026Q2.csv,2024-10-10,2026-05-20,,0,0,0,0,1,0,1,0,1,3,missing_location; unmatched_district; stale_record,1
SIM-VR-00437,Riley,Public,1958,6914 Bay St,Saanich,V4V 3S6,48.474404,-123.340811,Active,Saanich South,Federal_Electors_Extract_2026Q2.csv,2025-06-27,2026-05-31,Saanich South,0,0,0,0,0,0,0,0,0,0,,0
SIM-VR-00438,Drew,Placeholder,1991,1039 Cedar Hill Rd,Oak Bay,V5G 0Y5,48.470971,-123.30775,Active,Oak Bay-Gordon Head,Contact_Centre_Update_2026Q2.csv,2025-01-27,2026-05-25,Oak Bay-Gordon Head,0,0,0,0,0,0,0,0,1,1,stale_record,1
SIM-VR-00439,Jamie,Demo,1994,6106 Shelbourne St,Victoria,V9A 0J3,48.452848,-123.367521,Active,Victoria-Swan Lake,Federal_Electors_Extract_2026Q2.csv,2025-12-28,2026-06-05,Victoria-Swan Lake,0,0,0,0,0,0,0,0,0,0,,0
SIM-VR-00440,Avery,Public,2005,6334 Fort St,Victoria,V9R 2A7,48.4555,-123.36385,Active,Victoria-Swan Lake,ICBC_Address_Update_2026Q2.csv,2024-07-05,2026-06-09,Victoria-Swan Lake,0,0,0,0,0,0,0,0,1,1,stale_record,1
SIM-VR-00441,Taylor,Example,1997,3258 Bay St,Oak Bay,V6T 2E4,48.438319,-123.328828,Pending Review,Oak Bay-Gordon Head,Online_Registration_Extract_2026Q2.csv,2025-08-30,2026-04-29,Oak Bay-Gordon Head,0,0,0,0,0,0,0,0,0,0,,1
SIM-VR-00442,Casey,Demo,2007,7685 Cook St,Oak Bay,V4H 6G7,48.466671,-123.31586,Inactive,Oak Bay-Gordon Head,Contact_Centre_Update_2026Q2.csv,2024-08-28,2026-06-23,Oak Bay-Gordon Head,0,0,0,0,0,0,0,0,1,1,stale_record,1
SIM-VR-00443,Alex,Synthetic,1996,327 Cedar Hill Rd,Esquimalt,V9J 9T1,48.408146,-123.448602,Active,Esquimalt-Metchosin,ICBC_Address_Update_2026Q2.csv,2025-08-06,2026-06-17,Esquimalt-Metchosin,0,0,0,0,0,0,0,0,0,0,,0
SIM-VR-00444,Rowan,Sample,1979,5419 Shelbourne St,Victoria,V1T 5X7,48.410154,-123.368327,Active,Victoria-Beacon Hill,ICBC_Address_Update_2026Q2.csv,2024-11-29,2026-04-30,Victoria-Beacon Hill,0,0,0,0,0,0,0,0,1,1,stale_record,1
SIM-VR-00445,Riley,Synthetic,1986,4034 Cook St,Victoria,V5C 5A1,48.450897,-123.353936,Active,Victoria-Swan Lake,Online_Registration_Extract_2026Q2.csv,2024-12-13,2026-05-17,Victoria-Swan Lake,0,0,0,0,0,0,0,0,1,1,stale_record,1
SIM-VR-00446,Alex,Placeholder,1943,7944 Pandora Ave,Esquimalt,V5S 7G1,48.451063,-123.403115,Active,Esquimalt-Metchosin,Federal_Electors_Extract_2026Q2.csv,2024-07-19,2026-06-24,Esquimalt-Metchosin,0,0,0,0,0,0,0,0,1,1,stale_record,1
SIM-VR-00447,Rowan,Practice,1968,1837 Shelbourne St,Saanich,V2P 1B1,48.502955,-123.353208,Active,Saanich South,VitalStats_Status_Update_2026Q2.csv,2025-02-13,2026-05-28,Saanich South,0,0,0,0,0,0,0,0,1,1,stale_record,1
SIM-VR-00448,Jordan,Mock,1985,5395 Pandora Ave,Esquimalt,V2P 0N7,48.444294,-123.450838,Active,Esquimalt-Metchosin,VitalStats_Status_Update_2026Q2.csv,2025-01-27,2026-06-11,Esquimalt-Metchosin,0,0,0,0,0,0,0,0,1,1,stale_record,1
SIM-VR-00449,Reese,Example,1995,9017 Harbour View Rd,Victoria,V5N 1V8,48.453343,-123.349763,Active,Victoria-Swan Lake,Online_Registration_Extract_2026Q2.csv,2025-03-23,2026-05-13,Victoria-Swan Lake,0,0,0,0,0,0,0,0,1,1,stale_record,1
SIM-VR-00450,Riley,Example,1958,188 Hillside Ave,Oak Bay,V3H 8E1,48.446283,-123.304143,Active,Oak Bay-Gordon Head,VitalStats_Status_Update_2026Q2.csv,2024-11-13,2026-06-13,Oak Bay-Gordon Head,0,0,0,0,0,0,0,0,1,1,stale_record,1
SIM-VR-00451,Alex,Mock,2000,8358 Admirals Rd,Esquimalt,V1V 7R3,48.445942,-123.429829,Pending Review,Esquimalt-Metchosin,Federal_Electors_Extract_2026Q2.csv,2025-07-01,2026-06-04,Esquimalt-Metchosin,0,0,0,0,0,0,0,0,0,0,,1
SIM-VR-00452,Morgan,Practice,1957,4914 Hillside Ave,Victoria,V4E 3T5,48.408064,-123.381365,Active,Victoria-Beacon Hill,Online_Registration_Extract_2026Q2.csv,2025-08-20,2026-04-29,Victoria-Beacon Hill,0,0,0,0,0,0,0,0,0,0,,0
SIM-VR-00453,Casey,Public,1987,2127 Pandora Ave,Victoria,V4H 8G3,48.421267,-123.384108,Active,Victoria-Beacon Hill,Online_Registration_Extract_2026Q2.csv,2026-01-03,2026-05-01,Victoria-Beacon Hill,0,0,0,0,0,0,0,0,0,0,,0
SIM-VR-00454,Alex,Training,1944,6831 Douglas St,Victoria,V1B 9A0,48.4107,-123.378718,Active,Victoria-Beacon Hill,Online_Registration_Extract_2026Q2.csv,2024-10-09,2026-05-01,Victoria-Beacon Hill,0,0,0,0,0,0,0,0,1,1,stale_record,1
SIM-VR-00455,Alex,Mock,1949,4891 Gorge Rd,Victoria,V6X 8J7,48.427966,-123.391164,Active,Victoria-Beacon Hill,VitalStats_Status_Update_2026Q2.csv,2026-06-17,2026-05-12,Victoria-Beacon Hill,0,0,0,0,0,0,0,0,0,0,,0
SIM-VR-00456,Casey,Example,2007,,Saanich,V4J 8P2,48.483973,-123.374298,Active,Saanich South,Online_Registration_Extract_2026Q2.csv,2025-11-05,2026-05-03,Saanich South,0,0,1,0,0,0,0,0,0,1,missing_address,1
SIM-VR-00457,Jordan,Placeholder,1945,984 Pandora Ave,Esquimalt,V5R 4H2,,,Active,Esquimalt-Metchosin,VitalStats_Status_Update_2026Q2.csv,2024-12-31,2026-06-04,,0,0,0,0,1,0,1,0,1,3,missing_location; unmatched_district; stale_record,1
SIM-VR-00458,Rowan,Demo,2002,3658 Cook St,Oak Bay,V9J 7X3,48.431102,-123.309323,Active,Oak Bay-Gordon Head,Federal_Electors_Extract_2026Q2.csv,2025-02-20,2026-05-14,Oak Bay-Gordon Head,0,0,0,0,0,0,0,0,1,1,stale_record,1
SIM-VR-00459,Jordan,Placeholder,1988,671 Cedar Hill Rd,Victoria,V2J 9T7,48.441607,-123.363546,Active,Victoria-Swan Lake,Online_Registration_Extract_2026Q2.csv,2026-03-01,2026-06-24,Victoria-Swan Lake,0,0,0,0,0,0,0,0,0,0,,0
SIM-VR-00460,Hayden,Mock,1949,5496 Bay St,Victoria,V5N 5A0,48.411223,-123.376137,Pending Review,Victoria-Beacon Hill,Federal_Electors_Extract_2026Q2.csv,2024-03-15,2026-06-23,Victoria-Beacon Hill,0,0,0,0,0,0,0,0,1,1,stale_record,1
SIM-VR-00461,Casey,Demo,1972,,Saanich,V5G 1H3,48.477356,-123.382273,Active,Saanich South,VitalStats_Status_Update_2026Q2.csv,2026-06-15,2026-05-23,Saanich South,0,0,1,0,0,0,0,0,0,1,missing_address,1
SIM-VR-00462,Alex,Sample,1942,6631 Fort St,Saanich,V0B 9A5,48.471066,-123.384934,Active,Saanich South,Contact_Centre_Update_2026Q2.csv,2024-07-08,2026-06-03,Saanich South,0,0,0,0,0,0,0,0,1,1,stale_record,1
SIM-VR-00463,Quinn,Example,1991,4459 Admirals Rd,Oak Bay,V4X 7T6,48.429107,-123.327034,Inactive,Oak Bay-Gordon Head,Federal_Electors_Extract_2026Q2.csv,2025-06-21,2026-04-29,Oak Bay-Gordon Head,0,0,0,0,0,0,0,0,1,1,stale_record,1
SIM-VR-00464,Cameron,Example,1957,542 Cook St,Victoria,V6X 9P1,48.456283,-123.33936,Active,Victoria-Swan Lake,Federal_Electors_Extract_2026Q2.csv,2026-01-19,2026-06-20,Victoria-Swan Lake,0,0,0,0,0,0,0,0,0,0,,0
SIM-VR-00465,Sam,Placeholder,2007,,Oak Bay,V6R 6R8,48.461529,-123.324981,Active,Oak Bay-Gordon Head,VitalStats_Status_Update_2026Q2.csv,2025-07-11,2026-05-06,Oak Bay-Gordon Head,0,0,1,0,0,0,0,0,0,1,missing_address,1
SIM-VR-00466,Riley,Demo,1947,3409 Fort St,Victoria,V4V 1N7,48.441881,-123.377098,Active,Victoria-Swan Lake,Online_Registration_Extract_2026Q2.csv,2025-09-28,2026-06-09,Victoria-Swan Lake,0,0,0,0,0,0,0,0,0,0,,0
SIM-VR-00467,Rowan,Public,1983,5646 Shelbourne St,Victoria,V3H 4S3,48.43786,-123.365482,Active,Victoria-Swan Lake,Online_Registration_Extract_2026Q2.csv,2024-10-13,2026-05-07,Victoria-Swan Lake,0,0,0,0,0,0,0,0,1,1,stale_record,1
SIM-VR-00468,Rowan,Example,1980,7170 Harbour View Rd,Victoria,V8B 0E5,48.419997,-123.360178,Active,Victoria-Beacon Hill,VitalStats_Status_Update_2026Q2.csv,2024-11-14,2026-05-10,Victoria-Beacon Hill,0,0,0,0,0,0,0,0,1,1,stale_record,1
SIM-VR-00469,Taylor,Demo,1966,5380 Cedar Hill Rd,Saanich,V9E 3G5,48.484875,-123.381478,Inactive,Saanich South,Online_Registration_Extract_2026Q2.csv,2025-03-18,2026-06-01,Saanich South,0,0,0,0,0,0,0,0,1,1,stale_record,1
SIM-VR-00470,Morgan,Synthetic,1993,,Victoria,V1J 5S1,48.41637,-123.359567,Active,Oak Bay-Gordon Head,Federal_Electors_Extract_2026Q2.csv,2024-08-01,2026-06-25,Victoria-Beacon Hill,0,0,1,0,0,0,0,1,1,3,missing_address; district_mismatch; stale_record,1
SIM-VR-00471,Parker,Public,1974,9947 Douglas St,Victoria,V8H 1A0,48.437505,-123.350516,Active,Victoria-Swan Lake,VitalStats_Status_Update_2026Q2.csv,2025-12-11,2026-05-01,Victoria-Swan Lake,0,0,0,0,0,0,0,0,0,0,,0
SIM-VR-00472,Taylor,Test,1984,9074 Shelbourne St,Saanich,V6B 9P2,48.495364,-123.375381,Active,Saanich South,Online_Registration_Extract_2026Q2.csv,2026-01-03,2026-05-03,Saanich South,0,1,0,0,0,0,0,0,0,1,duplicate_person_address,1
SIM-VR-00473,Parker,Test,1965,7810 Bay St,Saanich,V6V 1Y4,48.495263,-123.344033,Pending Review,Saanich South,Contact_Centre_Update_2026Q2.csv,2026-04-12,2026-05-19,Saanich South,0,0,0,0,0,0,0,0,0,0,,1
SIM-VR-00474,Taylor,Example,1956,3952 Shelbourne St,Saanich,V5R 5X1,,,Active,Saanich South,Online_Registration_Extract_2026Q2.csv,2024-10-05,2026-05-20,,0,0,0,0,1,0,1,0,1,3,missing_location; unmatched_district; stale_record,1
SIM-VR-00475,Rowan,Mock,2006,478 Fort St,Saanich,V2X 7A0,48.471741,-123.353303,Active,Saanich South,VitalStats_Status_Update_2026Q2.csv,2026-01-07,2026-05-28,Saanich South,0,0,0,0,0,0,0,0,0,0,,0
SIM-VR-00476,Taylor,Example,1949,1649 Gorge Rd,Victoria,V6T 3N5,48.434679,-123.338001,Active,Victoria-Swan Lake,Contact_Centre_Update_2026Q2.csv,2025-10-03,2026-05-02,Victoria-Swan Lake,0,0,0,0,0,0,0,0,0,0,,0
SIM-VR-00477,Casey,Example,1994,754 Fort St,Victoria,V2V 5P0,48.428432,-123.389577,Active,Victoria-Beacon Hill,Federal_Electors_Extract_2026Q2.csv,2025-06-09,2026-06-13,Victoria-Beacon Hill,1,1,0,0,0,0,0,0,1,3,duplicate_id; duplicate_person_address; stale_record,1
SIM-VR-00478,Riley,Synthetic,1971,3067 Cedar Hill Rd,Victoria,V0A 1V8,48.421208,-123.359031,Inactive,Victoria-Beacon Hill,ICBC_Address_Update_2026Q2.csv,2025-12-18,2026-05-13,Victoria-Beacon Hill,0,0,0,0,0,0,0,0,0,0,,0
SIM-VR-00479,Rowan,Mock,2005,2083 Cedar Hill Rd,Victoria,V6A 2C4,48.423584,-123.384766,Active,Victoria-Beacon Hill,ICBC_Address_Update_2026Q2.csv,2025-10-12,2026-06-02,Victoria-Beacon Hill,0,0,0,0,0,0,0,0,0,0,,0
SIM-VR-00480,Drew,Mock,2002,4284 Cedar Hill Rd,Esquimalt,V8B 4Y6,48.410186,-123.434315,Active,Esquimalt-Metchosin,ICBC_Address_Update_2026Q2.csv,2026-06-11,2026-05-11,Esquimalt-Metchosin,0,0,0,0,0,0,0,0,0,0,,0
SIM-VR-00481,Morgan,Placeholder,1973,5670 Douglas St,Oak Bay,V6E 1R5,48.470521,-123.325817,Active,Oak Bay-Gordon Head,VitalStats_Status_Update_2026Q2.csv,2024-11-08,2026-06-23,Oak Bay-Gordon Head,0,0,0,0,0,0,0,0,1,1,stale_record,1
SIM-VR-00482,Casey,Demo,1981,6295 Fort St,Oak Bay,V3X 4V8,48.42803,-123.310237,Active,Oak Bay-Gordon Head,ICBC_Address_Update_2026Q2.csv,2025-02-11,2026-05-24,Oak Bay-Gordon Head,0,0,0,0,0,0,0,0,1,1,stale_record,1
SIM-VR-00483,Jordan,Demo,1942,5917 Bay St,Victoria,V5S 5S5,48.456526,-123.340853,Active,Victoria-Swan Lake,VitalStats_Status_Update_2026Q2.csv,2026-04-16,2026-05-03,Victoria-Swan Lake,0,0,0,0,0,0,0,0,0,0,,0
SIM-VR-00484,Jordan,Public,1967,8960 Bay St,Esquimalt,V5C 7T6,48.42568,-123.452124,Active,Esquimalt-Metchosin,ICBC_Address_Update_2026Q2.csv,2024-07-27,2026-06-08,Esquimalt-Metchosin,0,0,0,0,0,0,0,0,1,1,stale_record,1
SIM-VR-00485,Sam,Training,1999,7810 Bay St,Esquimalt,V3X 2T9,48.440387,-123.445554,Active,Esquimalt-Metchosin,Federal_Electors_Extract_2026Q2.csv,2026-06-19,2026-06-18,Esquimalt-Metchosin,0,0,0,0,0,0,0,0,0,0,,0
SIM-VR-00486,Hayden,Test,1953,9251 Cedar Hill Rd,Oak Bay,V1T 6R7,48.431096,-123.30922,Active,Oak Bay-Gordon Head,Contact_Centre_Update_2026Q2.csv,2025-01-16,2026-05-19,Oak Bay-Gordon Head,0,0,0,0,0,0,0,0,1,1,stale_record,1
SIM-VR-00487,Rowan,Mock,1994,1534 Gorge Rd,Esquimalt,V9E 2R0,48.44311,-123.431917,Active,Esquimalt-Metchosin,Contact_Centre_Update_2026Q2.csv,2024-07-16,2026-05-26,Esquimalt-Metchosin,0,0,0,0,0,0,0,0,1,1,stale_record,1
SIM-VR-00488,Rowan,Test,1996,,Esquimalt,V4B 3T5,48.416337,-123.407215,Active,Esquimalt-Metchosin,Federal_Electors_Extract_2026Q2.csv,2025-02-22,2026-04-26,Esquimalt-Metchosin,0,0,1,0,0,0,0,0,1,2,missing_address; stale_record,1
SIM-VR-00489,Quinn,Mock,1953,9631 Tillicum Rd,Esquimalt,V9N 2J9,48.435574,-123.446029,Active,Esquimalt-Metchosin,ICBC_Address_Update_2026Q2.csv,2025-08-10,2026-06-07,Esquimalt-Metchosin,0,0,0,0,0,0,0,0,0,0,,0
SIM-VR-00490,Hayden,Demo,1995,5530 Shelbourne St,Saanich,V4C 7Y7,48.486518,-123.370972,Active,Saanich South,VitalStats_Status_Update_2026Q2.csv,2025-08-01,2026-04-26,Saanich South,0,0,0,0,0,0,0,0,0,0,,0
SIM-VR-00491,Sam,Demo,1952,9921 Hillside Ave,Saanich,V7H 6B4,48.475916,-123.341672,Active,Saanich South,ICBC_Address_Update_2026Q2.csv,2025-01-02,2026-05-17,Saanich South,0,0,0,0,0,0,0,0,1,1,stale_record,1
SIM-VR-00492,Quinn,Training,1965,4192 Admirals Rd,Saanich,V5G 9R9,48.49613,-123.367123,Active,Saanich South,Federal_Electors_Extract_2026Q2.csv,2025-01-13,2026-06-04,Saanich South,0,0,0,0,0,0,0,0,1,1,stale_record,1
SIM-VR-00493,Hayden,Practice,1942,8300 Cedar Hill Rd,Esquimalt,V6S 0V0,48.435738,-123.408381,Active,Esquimalt-Metchosin,Federal_Electors_Extract_2026Q2.csv,2026-04-02,2026-05-15,Esquimalt-Metchosin,1,1,0,0,0,0,0,0,0,2,duplicate_id; duplicate_person_address,1
SIM-VR-00494,Alex,Sample,2002,9990 Harbour View Rd,Esquimalt,V6E 6G9,48.422632,-123.442752,Active,Esquimalt-Metchosin,ICBC_Address_Update_2026Q2.csv,2025-04-26,2026-06-22,Esquimalt-Metchosin,0,0,0,0,0,0,0,0,1,1,stale_record,1
SIM-VR-00495,Avery,Sample,2004,5229 Shelbourne St,Saanich,V1C 3B1,48.474952,-123.339956,Active,Saanich South,ICBC_Address_Update_2026Q2.csv,2026-06-10,2026-06-02,Saanich South,0,0,0,0,0,0,0,0,0,0,,0
SIM-VR-00496,Casey,Placeholder,1969,4585 Shelbourne St,Saanich,V3G 6X6,,,Active,Saanich South,Contact_Centre_Update_2026Q2.csv,2025-10-19,2026-04-28,,0,0,0,0,1,0,1,0,0,2,missing_location; unmatched_district,1
SIM-VR-00497,Quinn,Mock,1959,5946 Pandora Ave,Saanich,V6P 2H9,48.491629,-123.366869,Active,Saanich South,VitalStats_Status_Update_2026Q2.csv,2025-01-28,2026-06-25,Saanich South,0,0,0,0,0,0,0,0,1,1,stale_record,1
SIM-VR-00498,Riley,Synthetic,1999,3266 Cedar Hill Rd,Victoria,V8H 3A0,49.365777,-122.655097,Active,Victoria-Swan Lake,Federal_Electors_Extract_2026Q2.csv,2025-09-21,2026-04-27,,0,0,0,0,0,1,1,0,0,2,out_of_region; unmatched_district,1
SIM-VR-00499,Parker,Demo,1955,7024 Cook St,Oak Bay,V7C 2J1,48.427692,-123.321836,Active,Oak Bay-Gordon Head,VitalStats_Status_Update_2026Q2.csv,2026-04-21,2026-05-07,Oak Bay-Gordon Head,0,0,0,0,0,0,0,0,0,0,,0
SIM-VR-00500,Drew,Mock,1969,3458 Fort St,Victoria,V8B 0S3,48.428173,-123.368309,Active,Victoria-Beacon Hill,ICBC_Address_Update_2026Q2.csv,2026-01-13,2026-06-23,Victoria-Beacon Hill,0,0,0,0,0,0,0,0,0,0,,0
SIM-VR-00501,Drew,Placeholder,1967,9042 Pandora Ave,Esquimalt,V0V 2T1,48.410185,-123.437155,Active,Esquimalt-Metchosin,VitalStats_Status_Update_2026Q2.csv,2026-05-09,2026-06-04,Esquimalt-Metchosin,0,0,0,0,0,0,0,0,0,0,,0
SIM-VR-00502,Sam,Test,1995,3627 Bay St,Oak Bay,V5R 3V8,48.424129,-123.298881,Active,Oak Bay-Gordon Head,Federal_Electors_Extract_2026Q2.csv,2025-10-04,2026-06-15,Oak Bay-Gordon Head,0,0,0,0,0,0,0,0,0,0,,0
SIM-VR-00503,Morgan,Test,1978,7301 Admirals Rd,Victoria,V7T 9J1,48.438877,-123.359477,Inactive,Victoria-Swan Lake,VitalStats_Status_Update_2026Q2.csv,2025-02-14,2026-05-15,Victoria-Swan Lake,0,0,0,0,0,0,0,0,1,1,stale_record,1
SIM-VR-00504,Rowan,Training,1960,8167 Bay St,Oak Bay,V5E 2X2,48.462117,-123.308156,Active,Oak Bay-Gordon Head,Online_Registration_Extract_2026Q2.csv,2026-01-14,2026-04-30,Oak Bay-Gordon Head,1,1,0,0,0,0,0,0,0,2,duplicate_id; duplicate_person_address,1
SIM-VR-00505,Hayden,Sample,1955,1357 Fort St,Esquimalt,V8G 3Y8,48.435929,-123.448059,Active,Saanich South,Federal_Electors_Extract_2026Q2.csv,2024-07-11,2026-06-02,Esquimalt-Metchosin,0,0,0,0,0,0,0,1,1,2,district_mismatch; stale_record,1
SIM-VR-00506,Drew,Test,1959,482 Hillside Ave,Victoria,V7P 3E5,49.392815,-122.489269,Active,Victoria-Beacon Hill,VitalStats_Status_Update_2026Q2.csv,2026-04-27,2026-04-27,,0,0,0,0,0,1,1,0,0,2,out_of_region; unmatched_district,1
SIM-VR-00507,Drew,Placeholder,1972,355 Gorge Rd,Oak Bay,V4A 0G8,48.458757,-123.288639,Active,Oak Bay-Gordon Head,Federal_Electors_Extract_2026Q2.csv,2024-10-04,2026-04-28,Oak Bay-Gordon Head,0,0,0,0,0,0,0,0,1,1,stale_record,1
SIM-VR-00508,Jordan,Practice,1967,1361 Fort St,Victoria,12345,48.443472,-123.367414,Active,Victoria-Swan Lake,Contact_Centre_Update_2026Q2.csv,2024-11-13,2026-05-22,Victoria-Swan Lake,0,0,0,1,0,0,0,0,1,2,invalid_postal_code; stale_record,1
SIM-VR-00509,Quinn,Synthetic,1999,6253 Gorge Rd,Victoria,V8S 7Y8,48.436254,-123.345953,Active,Victoria-Swan Lake,Contact_Centre_Update_2026Q2.csv,2025-10-16,2026-04-30,Victoria-Swan Lake,0,0,0,0,0,0,0,0,0,0,,0
SIM-VR-00510,Morgan,Example,1963,6252 Douglas St,Saanich,V1E 3T6,48.469539,-123.375348,Active,Saanich South,Contact_Centre_Update_2026Q2.csv,2025-09-13,2026-05-19,Saanich South,0,0,0,0,0,0,0,0,0,0,,0
SIM-VR-00511,Avery,Training,1983,4947 Hillside Ave,Victoria,V8B 7H0,48.452572,-123.364344,Active,Victoria-Swan Lake,Online_Registration_Extract_2026Q2.csv,2024-10-19,2026-05-26,Victoria-Swan Lake,0,0,0,0,0,0,0,0,1,1,stale_record,1
SIM-VR-00512,Drew,Sample,1989,,Victoria,V4R 0G2,48.41861,-123.389328,Active,Victoria-Beacon Hill,Online_Registration_Extract_2026Q2.csv,2026-05-09,2026-05-06,Victoria-Beacon Hill,0,0,1,0,0,0,0,0,0,1,missing_address,1
SIM-VR-00513,Morgan,Mock,2007,5131 Douglas St,Esquimalt,V7N 8E6,48.448198,-123.434729,Active,Esquimalt-Metchosin,Contact_Centre_Update_2026Q2.csv,2026-01-05,2026-05-09,Esquimalt-Metchosin,0,0,0,0,0,0,0,0,0,0,,0
SIM-VR-00514,Casey,Mock,1989,641 Pandora Ave,Saanich,V7R 0J5,48.483646,-123.391229,Active,Saanich South,VitalStats_Status_Update_2026Q2.csv,2024-07-22,2026-05-16,Saanich South,0,0,0,0,0,0,0,0,1,1,stale_record,1
SIM-VR-00515,Parker,Synthetic,2005,6116 Fort St,Oak Bay,V5N 8Y6,48.455474,-123.318481,Active,Oak Bay-Gordon Head,Federal_Electors_Extract_2026Q2.csv,2025-12-19,2026-05-09,Oak Bay-Gordon Head,0,0,0,0,0,0,0,0,0,0,,0
SIM-VR-00516,Hayden,Practice,2006,8967 Harbour View Rd,Oak Bay,V8E 2J0,48.455216,-123.311985,Active,Oak Bay-Gordon Head,Online_Registration_Extract_2026Q2.csv,2025-05-21,2026-05-20,Oak Bay-Gordon Head,0,0,0,0,0,0,0,0,1,1,stale_record,1
SIM-VR-00517,Avery,Practice,1994,5483 Fort St,Esquimalt,V7H 2Y9,48.438933,-123.415426,Pending Review,Esquimalt-Metchosin,Contact_Centre_Update_2026Q2.csv,2026-03-15,2026-06-24,Esquimalt-Metchosin,0,0,0,0,0,0,0,0,0,0,,1
SIM-VR-00518,Hayden,Public,1987,2324 Harbour View Rd,Saanich,V5J 7B3,49.334305,-122.865257,Active,Saanich South,Online_Registration_Extract_2026Q2.csv,2024-12-20,2026-05-15,,0,0,0,0,0,1,1,0,1,3,out_of_region; unmatched_district; stale_record,1
SIM-VR-00519,Drew,Training,1980,5868 Harbour View Rd,Victoria,V6G 1E7,48.418737,-123.372036,Active,Victoria-Beacon Hill,Federal_Electors_Extract_2026Q2.csv,2025-10-12,2026-05-05,Victoria-Beacon Hill,0,0,0,0,0,0,0,0,0,0,,0
SIM-VR-00520,Avery,Synthetic,1971,9810 Gorge Rd,Saanich,V4T 5P8,48.479526,-123.373677,Active,Saanich South,ICBC_Address_Update_2026Q2.csv,2024-09-30,2026-06-16,Saanich South,0,0,0,0,0,0,0,0,1,1,stale_record,1
SIM-VR-00521,Alex,Synthetic,2007,1494 Fort St,Victoria,V2R 4P4,48.447824,-123.368509,Active,Victoria-Swan Lake,ICBC_Address_Update_2026Q2.csv,2025-12-28,2026-05-24,Victoria-Swan Lake,0,0,0,0,0,0,0,0,0,0,,0
SIM-VR-00522,Reese,Demo,1965,6783 Fort St,Oak Bay,V8A 3N4,48.446653,-123.292171,Active,Oak Bay-Gordon Head,ICBC_Address_Update_2026Q2.csv,2025-12-18,2026-05-13,Oak Bay-Gordon Head,0,0,0,0,0,0,0,0,0,0,,0
SIM-VR-00523,Riley,Mock,1955,1436 Admirals Rd,Saanich,V3A 7S6,48.502645,-123.366109,Inactive,Saanich South,ICBC_Address_Update_2026Q2.csv,2025-01-08,2026-06-20,Saanich South,0,0,0,0,0,0,0,0,1,1,stale_record,1
SIM-VR-00524,Drew,Sample,2004,7930 Shelbourne St,Victoria,V0N 4P2,48.422051,-123.364557,Active,Victoria-Beacon Hill,Contact_Centre_Update_2026Q2.csv,2024-02-05,2026-04-29,Victoria-Beacon Hill,0,0,0,0,0,0,0,0,1,1,stale_record,1
SIM-VR-00525,Sam,Placeholder,1993,7243 Cedar Hill Rd,Saanich,V3S 3N6,48.500409,-123.386686,Active,Saanich South,Federal_Electors_Extract_2026Q2.csv,2024-11-26,2026-06-02,Saanich South,0,0,0,0,0,0,0,0,1,1,stale_record,1
SIM-VR-00526,Morgan,Practice,1973,936 Cedar Hill Rd,Saanich,V9S 8T2,48.4926,-123.338943,Active,Saanich South,ICBC_Address_Update_2026Q2.csv,2025-07-30,2026-06-23,Saanich South,0,0,0,0,0,0,0,0,0,0,,0
SIM-VR-00527,Morgan,Practice,1974,2249 Shelbourne St,Victoria,V4C 8P2,48.410479,-123.392563,Active,Victoria-Beacon Hill,VitalStats_Status_Update_2026Q2.csv,2025-08-26,2026-05-13,Victoria-Beacon Hill,0,0,0,0,0,0,0,0,0,0,,0
SIM-VR-00528,Rowan,Placeholder,1957,8515 Hillside Ave,Victoria,V0S 9P0,48.417227,-123.37477,Active,Victoria-Beacon Hill,VitalStats_Status_Update_2026Q2.csv,2025-11-01,2026-05-24,Victoria-Beacon Hill,0,0,0,0,0,0,0,0,0,0,,0
SIM-VR-00529,Casey,Synthetic,1995,7827 Hillside Ave,Saanich,V9S 9N2,48.475627,-123.391644,Active,Saanich South,Online_Registration_Extract_2026Q2.csv,2025-12-24,2026-04-26,Saanich South,0,0,0,0,0,0,0,0,0,0,,0
SIM-VR-00530,Parker,Sample,1997,179 Shelbourne St,Oak Bay,V5J 3E1,48.433261,-123.287081,Active,Oak Bay-Gordon Head,Contact_Centre_Update_2026Q2.csv,2025-08-20,2026-04-29,Oak Bay-Gordon Head,0,0,0,0,0,0,0,0,0,0,,0
SIM-VR-00531,Parker,Test,1969,6430 Cook St,Oak Bay,V5A 3G3,48.43729,-123.292024,Active,Oak Bay-Gordon Head,ICBC_Address_Update_2026Q2.csv,2024-10-19,2026-06-21,Oak Bay-Gordon Head,0,0,0,0,0,0,0,0,1,1,stale_record,1
SIM-VR-00532,Rowan,Training,1984,2925 Douglas St,Victoria,V7J 0T7,48.413305,-123.380724,Active,Victoria-Beacon Hill,Federal_Electors_Extract_2026Q2.csv,2025-09-10,2026-05-15,Victoria-Beacon Hill,0,0,0,0,0,0,0,0,0,0,,0
SIM-VR-00533,Cameron,Placeholder,1973,,Oak Bay,V8Y 7H8,48.452381,-123.292637,Active,Oak Bay-Gordon Head,Online_Registration_Extract_2026Q2.csv,2025-08-04,2026-05-26,Oak Bay-Gordon Head,0,0,1,0,0,0,0,0,0,1,missing_address,1
SIM-VR-00534,Morgan,Placeholder,2003,4246 Pandora Ave,Victoria,V1Y 1S4,48.424322,-123.392675,Active,Victoria-Beacon Hill,VitalStats_Status_Update_2026Q2.csv,2024-09-01,2026-05-13,Victoria-Beacon Hill,0,0,0,0,0,0,0,0,1,1,stale_record,1
SIM-VR-00535,Hayden,Public,1979,1242 Admirals Rd,Victoria,V4S 5J2,49.483425,-122.433176,Active,Victoria-Beacon Hill,Contact_Centre_Update_2026Q2.csv,2025-04-16,2026-05-26,,0,0,0,0,0,1,1,0,1,3,out_of_region; unmatched_district; stale_record,1
SIM-VR-00536,Avery,Test,1975,8034 Gorge Rd,Oak Bay,V4G 9E9,48.462442,-123.311846,Active,Oak Bay-Gordon Head,Contact_Centre_Update_2026Q2.csv,2024-07-19,2026-06-12,Oak Bay-Gordon Head,1,1,0,0,0,0,0,0,1,3,duplicate_id; duplicate_person_address; stale_record,1
SIM-VR-00537,Cameron,Mock,1969,8378 Fort St,Saanich,V6J 0A1,48.467014,-123.338561,Active,Saanich South,Online_Registration_Extract_2026Q2.csv,2024-08-31,2026-05-23,Saanich South,0,0,0,0,0,0,0,0,1,1,stale_record,1
SIM-VR-00538,Morgan,Public,1989,7455 Bay St,Saanich,V4A 0B6,48.467632,-123.373069,Active,Saanich South,VitalStats_Status_Update_2026Q2.csv,2024-12-17,2026-05-03,Saanich South,0,0,0,0,0,0,0,0,1,1,stale_record,1
SIM-VR-00539,Parker,Placeholder,1955,8896 Fort St,Victoria,V2T 3T8,48.427241,-123.358841,Active,Victoria-Beacon Hill,VitalStats_Status_Update_2026Q2.csv,2025-03-11,2026-05-19,Victoria-Beacon Hill,0,0,0,0,0,0,0,0,1,1,stale_record,1
SIM-VR-00540,Morgan,Test,2000,8439 Cedar Hill Rd,Victoria,V5T 8N9,48.424536,-123.372399,Active,Victoria-Beacon Hill,ICBC_Address_Update_2026Q2.csv,2025-12-23,2026-05-09,Victoria-Beacon Hill,0,0,0,0,0,0,0,0,0,0,,0
SIM-VR-00541,Drew,Mock,1960,1948 Cook St,Esquimalt,V4C 6X7,48.423754,-123.405842,Active,Esquimalt-Metchosin,Contact_Centre_Update_2026Q2.csv,2025-12-25,2026-05-18,Esquimalt-Metchosin,0,0,0,0,0,0,0,0,0,0,,0
SIM-VR-00542,Morgan,Sample,1984,2635 Tillicum Rd,Saanich,V1B 9E5,48.489465,-123.362254,Active,Saanich South,Contact_Centre_Update_2026Q2.csv,2024-07-30,2026-05-11,Saanich South,0,0,0,0,0,0,0,0,1,1,stale_record,1
SIM-VR-00543,Morgan,Training,1970,8368 Pandora Ave,Saanich,V2P 7B4,48.469906,-123.341153,Inactive,Saanich South,Contact_Centre_Update_2026Q2.csv,2026-03-01,2026-06-10,Saanich South,0,0,0,0,0,0,0,0,0,0,,0
SIM-VR-00544,Cameron,Example,1993,2925 Shelbourne St,Oak Bay,V1A 5E1,48.472212,-123.302725,Active,Oak Bay-Gordon Head,Federal_Electors_Extract_2026Q2.csv,2026-01-23,2026-05-06,Oak Bay-Gordon Head,0,0,0,0,0,0,0,0,0,0,,0
SIM-VR-00545,Rowan,Placeholder,2003,3580 Harbour View Rd,Esquimalt,V7C 0N7,48.41566,-123.445674,Pending Review,Esquimalt-Metchosin,Online_Registration_Extract_2026Q2.csv,2025-08-13,2026-06-10,Esquimalt-Metchosin,0,0,0,0,0,0,0,0,0,0,,1
SIM-VR-00546,Taylor,Demo,1983,832 Bay St,Victoria,V5X 2X9,,,Pending Review,Victoria-Beacon Hill,VitalStats_Status_Update_2026Q2.csv,2025-08-05,2026-05-05,,0,0,0,0,1,0,1,0,0,2,missing_location; unmatched_district,1
SIM-VR-00547,Drew,Public,1945,6946 Shelbourne St,Saanich,V3N 3N8,48.473363,-123.368429,Active,Saanich South,Online_Registration_Extract_2026Q2.csv,2026-05-23,2026-06-12,Saanich South,0,0,0,0,0,0,0,0,0,0,,0
SIM-VR-00548,Parker,Placeholder,2006,1421 Gorge Rd,Saanich,V9G 0R1,48.469809,-123.380358,Active,Saanich South,Online_Registration_Extract_2026Q2.csv,2025-01-14,2026-05-13,Saanich South,0,0,0,0,0,0,0,0,1,1,stale_record,1
SIM-VR-00549,Casey,Demo,1966,2430 Bay St,Oak Bay,V4P 4N1,48.423594,-123.30623,Active,Oak Bay-Gordon Head,Contact_Centre_Update_2026Q2.csv,2026-04-11,2026-06-05,Oak Bay-Gordon Head,0,0,0,0,0,0,0,0,0,0,,0
SIM-VR-00550,Jamie,Placeholder,2005,8110 Shelbourne St,Victoria,V9S 5H3,,,Active,Victoria-Swan Lake,VitalStats_Status_Update_2026Q2.csv,2025-02-28,2026-05-11,,0,0,0,0,1,0,1,0,1,3,missing_location; unmatched_district; stale_record,1
SIM-VR-00551,Jordan,Practice,1980,9729 Admirals Rd,Saanich,V5E 7S1,48.484614,-123.364977,Active,Saanich South,Contact_Centre_Update_2026Q2.csv,2025-08-06,2026-05-26,Saanich South,1,1,0,0,0,0,0,0,0,2,duplicate_id; duplicate_person_address,1
SIM-VR-00552,Taylor,Demo,1997,1575 Cook St,Oak Bay,V0T 2B4,48.472245,-123.299053,Active,Oak Bay-Gordon Head,Contact_Centre_Update_2026Q2.csv,2025-04-08,2026-04-28,Oak Bay-Gordon Head,0,0,0,0,0,0,0,0,1,1,stale_record,1
SIM-VR-00553,Sam,Example,1984,3635 Pandora Ave,Saanich,V7P 1G9,48.478919,-123.364716,Active,Saanich South,Online_Registration_Extract_2026Q2.csv,2025-06-04,2026-04-30,Saanich South,0,0,0,0,0,0,0,0,1,1,stale_record,1
SIM-VR-00554,Morgan,Practice,2007,1208 Fort St,Oak Bay,V8C 0N6,48.449987,-123.318913,Active,Oak Bay-Gordon Head,VitalStats_Status_Update_2026Q2.csv,2025-06-10,2026-06-12,Oak Bay-Gordon Head,0,0,0,0,0,0,0,0,1,1,stale_record,1
SIM-VR-00555,Jordan,Synthetic,1984,2110 Admirals Rd,Esquimalt,V3Y 1S5,48.4258,-123.424859,Active,Esquimalt-Metchosin,Federal_Electors_Extract_2026Q2.csv,2024-08-31,2026-06-14,Esquimalt-Metchosin,0,0,0,0,0,0,0,0,1,1,stale_record,1
SIM-VR-00556,Morgan,Public,1969,9026 Gorge Rd,Oak Bay,V9T 6G8,48.441565,-123.311342,Active,Oak Bay-Gordon Head,Contact_Centre_Update_2026Q2.csv,2025-02-28,2026-05-29,Oak Bay-Gordon Head,0,0,0,0,0,0,0,0,1,1,stale_record,1
SIM-VR-00557,Sam,Mock,2005,4702 Bay St,Saanich,V6N 0V4,48.468141,-123.384995,Active,Saanich South,Contact_Centre_Update_2026Q2.csv,2025-09-12,2026-06-14,Saanich South,0,0,0,0,0,0,0,0,0,0,,0
SIM-VR-00558,Avery,Placeholder,1985,7457 Harbour View Rd,Saanich,V9R 5C1,48.495256,-123.359535,Active,Saanich South,VitalStats_Status_Update_2026Q2.csv,2025-12-27,2026-05-08,Saanich South,0,0,0,0,0,0,0,0,0,0,,0
SIM-VR-00559,Rowan,Test,1977,2070 Tillicum Rd,Esquimalt,V9S 0R3,48.448594,-123.428855,Active,Esquimalt-Metchosin,Contact_Centre_Update_2026Q2.csv,2025-02-01,2026-05-31,Esquimalt-Metchosin,0,0,0,0,0,0,0,0,1,1,stale_record,1
SIM-VR-00560,Quinn,Mock,1945,9562 Admirals Rd,Oak Bay,V9T 6E3,48.466919,-123.328281,Active,Oak Bay-Gordon Head,Online_Registration_Extract_2026Q2.csv,2025-06-04,2026-06-13,Oak Bay-Gordon Head,0,0,0,0,0,0,0,0,1,1,stale_record,1
SIM-VR-00561,Taylor,Training,1955,6137 Pandora Ave,Victoria,V4A 0G1,48.448686,-123.384764,Active,Victoria-Swan Lake,ICBC_Address_Update_2026Q2.csv,2026-02-10,2026-04-29,Victoria-Swan Lake,0,0,0,0,0,0,0,0,0,0,,0
SIM-VR-00562,Cameron,Practice,1977,9907 Hillside Ave,Saanich,V4J 6V6,48.501011,-123.36952,Active,Saanich South,VitalStats_Status_Update_2026Q2.csv,2024-10-16,2026-06-22,Saanich South,0,0,0,0,0,0,0,0,1,1,stale_record,1
SIM-VR-00563,Alex,Public,1973,3010 Shelbourne St,Oak Bay,V9B 0B0,48.465494,-123.320217,Active,Oak Bay-Gordon Head,Federal_Electors_Extract_2026Q2.csv,2024-09-24,2026-06-12,Oak Bay-Gordon Head,0,0,0,0,0,0,0,0,1,1,stale_record,1
SIM-VR-00564,Morgan,Demo,1985,8590 Bay St,Victoria,V2B 4X0,48.41772,-123.389157,Inactive,Victoria-Beacon Hill,Federal_Electors_Extract_2026Q2.csv,2025-02-26,2026-06-25,Victoria-Beacon Hill,0,0,0,0,0,0,0,0,1,1,stale_record,1
SIM-VR-00565,Sam,Synthetic,1959,4585 Fort St,Victoria,V4P 1G4,48.444911,-123.375545,Active,Victoria-Swan Lake,VitalStats_Status_Update_2026Q2.csv,2025-03-03,2026-06-02,Victoria-Swan Lake,0,0,0,0,0,0,0,0,1,1,stale_record,1
SIM-VR-00566,Taylor,Training,1986,2396 Pandora Ave,Esquimalt,V6T 7A6,48.425004,-123.41729,Active,Esquimalt-Metchosin,ICBC_Address_Update_2026Q2.csv,2024-09-19,2026-06-11,Esquimalt-Metchosin,0,0,0,0,0,0,0,0,1,1,stale_record,1
SIM-VR-00567,Parker,Public,1996,8480 Admirals Rd,Saanich,V4V 3Y8,48.49359,-123.369832,Inactive,Saanich South,ICBC_Address_Update_2026Q2.csv,2026-03-05,2026-06-11,Saanich South,0,0,0,0,0,0,0,0,0,0,,0
SIM-VR-00568,Sam,Sample,1966,2264 Douglas St,Esquimalt,V7R 5G7,48.434224,-123.442863,Active,Esquimalt-Metchosin,VitalStats_Status_Update_2026Q2.csv,2025-08-29,2026-05-31,Esquimalt-Metchosin,0,0,0,0,0,0,0,0,0,0,,0
SIM-VR-00569,Parker,Practice,2006,1090 Tillicum Rd,Victoria,V6H 3B4,48.427785,-123.375045,Active,Victoria-Beacon Hill,Federal_Electors_Extract_2026Q2.csv,2025-07-12,2026-05-22,Victoria-Beacon Hill,0,0,0,0,0,0,0,0,0,0,,0
SIM-VR-00570,Riley,Mock,1944,1854 Pandora Ave,Victoria,V8V 8B7,48.453894,-123.37081,Active,Victoria-Swan Lake,VitalStats_Status_Update_2026Q2.csv,2024-04-21,2026-05-29,Victoria-Swan Lake,0,0,0,0,0,0,0,0,1,1,stale_record,1
SIM-VR-00571,Jamie,Sample,1946,5799 Fort St,Victoria,V5A 6J8,48.450399,-123.356641,Pending Review,Victoria-Swan Lake,VitalStats_Status_Update_2026Q2.csv,2025-08-30,2026-05-29,Victoria-Swan Lake,0,0,0,0,0,0,0,0,0,0,,1
SIM-VR-00572,Quinn,Placeholder,1992,1920 Admirals Rd,Victoria,V4S 1A8,48.421722,-123.36695,Active,Victoria-Beacon Hill,Online_Registration_Extract_2026Q2.csv,2025-04-22,2026-06-18,Victoria-Beacon Hill,0,0,0,0,0,0,0,0,1,1,stale_record,1
SIM-VR-00573,Taylor,Training,1984,6361 Pandora Ave,Victoria,V3A 0H9,48.423682,-123.391123,Pending Review,Victoria-Beacon Hill,VitalStats_Status_Update_2026Q2.csv,2025-05-22,2026-06-18,Victoria-Beacon Hill,0,0,0,0,0,0,0,0,1,1,stale_record,1
SIM-VR-00574,Alex,Practice,1973,1976 Tillicum Rd,Saanich,V3S 4X6,48.498101,-123.346983,Active,Saanich South,Online_Registration_Extract_2026Q2.csv,2024-08-05,2026-05-09,Saanich South,0,0,0,0,0,0,0,0,1,1,stale_record,1
SIM-VR-00575,Alex,Placeholder,2005,2101 Bay St,Victoria,V6H 0X0,48.425223,-123.387314,Active,Victoria-Beacon Hill,ICBC_Address_Update_2026Q2.csv,2025-09-04,2026-06-12,Victoria-Beacon Hill,0,0,0,0,0,0,0,0,0,0,,0
SIM-VR-00576,Quinn,Example,1957,9820 Cook St,Esquimalt,V3A 3Y7,48.417283,-123.446786,Active,Esquimalt-Metchosin,ICBC_Address_Update_2026Q2.csv,2026-04-20,2026-06-08,Esquimalt-Metchosin,1,1,0,0,0,0,0,0,0,2,duplicate_id; duplicate_person_address,1
SIM-VR-00577,Jordan,Mock,2000,6479 Bay St,Esquimalt,V9T 9T0,48.421528,-123.434009,Active,Esquimalt-Metchosin,Contact_Centre_Update_2026Q2.csv,2024-10-15,2026-06-10,Esquimalt-Metchosin,0,0,0,0,0,0,0,0,1,1,stale_record,1
SIM-VR-00578,Avery,Placeholder,1989,1613 Hillside Ave,Victoria,V4P 1T3,49.219168,-122.417295,Inactive,Victoria-Swan Lake,Federal_Electors_Extract_2026Q2.csv,2026-05-08,2026-06-22,,0,0,0,0,0,1,1,0,0,2,out_of_region; unmatched_district,1
SIM-VR-00579,Cameron,Training,1959,7014 Cedar Hill Rd,Victoria,V9G 2S8,48.42805,-123.380625,Active,Victoria-Beacon Hill,VitalStats_Status_Update_2026Q2.csv,2025-02-10,2026-05-26,Victoria-Beacon Hill,0,0,0,0,0,0,0,0,1,1,stale_record,1
SIM-VR-00580,Hayden,Example,1980,,Victoria,V1H 1X2,48.43641,-123.370206,Pending Review,Victoria-Swan Lake,Online_Registration_Extract_2026Q2.csv,2025-12-16,2026-05-26,Victoria-Swan Lake,0,0,1,0,0,0,0,0,0,1,missing_address,1
SIM-VR-00581,Avery,Mock,1963,7619 Bay St,Victoria,V8Z4,48.455311,-123.360051,Active,Victoria-Swan Lake,Online_Registration_Extract_2026Q2.csv,2024-10-29,2026-04-28,Victoria-Swan Lake,0,0,0,1,0,0,0,0,1,2,invalid_postal_code; stale_record,1
SIM-VR-00582,Riley,Test,1969,1719 Bay St,Victoria,V5V 4T5,48.435614,-123.378588,Pending Review,Victoria-Swan Lake,Online_Registration_Extract_2026Q2.csv,2025-10-01,2026-06-05,Victoria-Swan Lake,0,0,0,0,0,0,0,0,0,0,,1
SIM-VR-00583,Alex,Test,1952,7188 Harbour View Rd,Oak Bay,V1A 8T6,48.425111,-123.323301,Active,Oak Bay-Gordon Head,VitalStats_Status_Update_2026Q2.csv,2025-01-09,2026-06-07,Oak Bay-Gordon Head,0,0,0,0,0,0,0,0,1,1,stale_record,1
SIM-VR-00584,Jordan,Mock,2001,2051 Hillside Ave,Esquimalt,V0N 5G3,,,Active,Esquimalt-Metchosin,Online_Registration_Extract_2026Q2.csv,2026-03-29,2026-05-30,,0,0,0,0,1,0,1,0,0,2,missing_location; unmatched_district,1
SIM-VR-00585,Alex,Placeholder,1983,9433 Cook St,Saanich,V2J 3E5,48.47664,-123.340437,Active,Saanich South,Online_Registration_Extract_2026Q2.csv,2024-09-19,2026-04-28,Saanich South,0,0,0,0,0,0,0,0,1,1,stale_record,1
SIM-VR-00586,Alex,Placeholder,1965,4152 Gorge Rd,Victoria,V3X 6E8,48.453188,-123.359926,Pending Review,Victoria-Swan Lake,Contact_Centre_Update_2026Q2.csv,2025-11-15,2026-05-13,Victoria-Swan Lake,0,0,0,0,0,0,0,0,0,0,,1
SIM-VR-00587,Morgan,Training,1951,9219 Hillside Ave,Victoria,V9A 1X6,48.416699,-123.385856,Active,Victoria-Beacon Hill,ICBC_Address_Update_2026Q2.csv,2026-01-01,2026-05-25,Victoria-Beacon Hill,0,0,0,0,0,0,0,0,0,0,,0
SIM-VR-00588,Drew,Public,1986,5574 Harbour View Rd,Victoria,V5G 1G7,48.449359,-123.377387,Inactive,Victoria-Swan Lake,Federal_Electors_Extract_2026Q2.csv,2025-12-21,2026-06-08,Victoria-Swan Lake,0,0,0,0,0,0,0,0,0,0,,0
SIM-VR-00589,Morgan,Example,2004,3356 Pandora Ave,Oak Bay,V6X 1E4,48.469972,-123.3004,Active,Oak Bay-Gordon Head,ICBC_Address_Update_2026Q2.csv,2024-07-17,2026-06-02,Oak Bay-Gordon Head,0,0,0,0,0,0,0,0,1,1,stale_record,1
SIM-VR-00590,Taylor,Test,1980,9188 Pandora Ave,Victoria,V7C 4E9,48.409601,-123.368524,Active,Victoria-Beacon Hill,ICBC_Address_Update_2026Q2.csv,2025-03-19,2026-05-26,Victoria-Beacon Hill,0,0,0,0,0,0,0,0,1,1,stale_record,1
SIM-VR-00591,Drew,Demo,1942,6254 Tillicum Rd,Victoria,V9J 3T6,48.449451,-123.350217,Active,Victoria-Swan Lake,Contact_Centre_Update_2026Q2.csv,2025-07-12,2026-05-06,Victoria-Swan Lake,0,0,0,0,0,0,0,0,0,0,,0
SIM-VR-00592,Reese,Example,1989,5706 Hillside Ave,Oak Bay,V2V 4A1,48.459203,-123.293577,Active,Oak Bay-Gordon Head,Federal_Electors_Extract_2026Q2.csv,2026-04-22,2026-05-31,Oak Bay-Gordon Head,0,0,0,0,0,0,0,0,0,0,,0
SIM-VR-00593,Rowan,Mock,1958,3446 Cook St,Victoria,V9Y 9X7,48.414112,-123.369419,Active,Victoria-Beacon Hill,ICBC_Address_Update_2026Q2.csv,2025-06-24,2026-04-29,Victoria-Beacon Hill,0,0,0,0,0,0,0,0,1,1,stale_record,1
SIM-VR-00594,Reese,Training,1981,4014 Cedar Hill Rd,Victoria,V6R 7V0,48.418458,-123.368409,Active,Victoria-Beacon Hill,Contact_Centre_Update_2026Q2.csv,2024-11-06,2026-06-18,Victoria-Beacon Hill,0,1,0,0,0,0,0,0,1,2,duplicate_person_address; stale_record,1
SIM-VR-00595,Hayden,Placeholder,1943,9906 Admirals Rd,Esquimalt,V0N 5N5,48.43366,-123.436022,Active,Esquimalt-Metchosin,Contact_Centre_Update_2026Q2.csv,2026-04-22,2026-05-15,Esquimalt-Metchosin,0,0,0,0,0,0,0,0,0,0,,0
SIM-VR-00596,Jamie,Practice,1962,1625 Gorge Rd,Victoria,V2Y 5H6,48.410033,-123.392782,Inactive,Victoria-Beacon Hill,Federal_Electors_Extract_2026Q2.csv,2024-11-05,2026-05-15,Victoria-Beacon Hill,0,0,0,0,0,0,0,0,1,1,stale_record,1
SIM-VR-00597,Drew,Test,1975,1112 Gorge Rd,Victoria,V2E 3C4,48.445714,-123.35401,Inactive,Victoria-Swan Lake,Online_Registration_Extract_2026Q2.csv,2026-06-07,2026-05-30,Victoria-Swan Lake,0,0,0,0,0,0,0,0,0,0,,0
SIM-VR-00598,Hayden,Synthetic,1948,686 Shelbourne St,Victoria,V9R 6T8,48.440124,-123.392806,Active,Victoria-Swan Lake,Contact_Centre_Update_2026Q2.csv,2025-08-12,2026-06-09,Victoria-Swan Lake,0,0,0,0,0,0,0,0,0,0,,0
SIM-VR-00599,Cameron,Placeholder,1957,3198 Fort St,Esquimalt,V8Y 4N9,48.412073,-123.397912,Pending Review,Esquimalt-Metchosin,Contact_Centre_Update_2026Q2.csv,2026-02-11,2026-05-09,Esquimalt-Metchosin,0,0,0,0,0,0,0,0,0,0,,1
SIM-VR-00600,Sam,Demo,2002,9848 Shelbourne St,Victoria,V9X 0E4,48.449517,-123.391821,Active,Victoria-Swan Lake,ICBC_Address_Update_2026Q2.csv,2025-09-08,2026-06-23,Victoria-Swan Lake,0,0,0,0,0,0,0,0,0,0,,0
SIM-VR-00601,Rowan,Sample,1954,,Victoria,V3G 6N5,48.408286,-123.368571,Active,Victoria-Beacon Hill,Federal_Electors_Extract_2026Q2.csv,2026-03-19,2026-05-14,Victoria-Beacon Hill,0,0,1,0,0,0,0,0,0,1,missing_address,1
SIM-VR-00602,Morgan,Demo,1949,,Victoria,V8T 1B1,48.451572,-123.363877,Active,Victoria-Swan Lake,Federal_Electors_Extract_2026Q2.csv,2025-01-03,2026-05-30,Victoria-Swan Lake,0,0,1,0,0,0,0,0,1,2,missing_address; stale_record,1
SIM-VR-00603,Parker,Synthetic,1957,5741 Pandora Ave,Victoria,V8S 6H6,48.460822,-123.384284,Active,Victoria-Swan Lake,Contact_Centre_Update_2026Q2.csv,2024-08-17,2026-05-10,Victoria-Swan Lake,0,0,0,0,0,0,0,0,1,1,stale_record,1
SIM-VR-00604,Drew,Synthetic,1980,6612 Fort St,Oak Bay,V0A 0G0,48.457752,-123.291521,Active,Oak Bay-Gordon Head,Online_Registration_Extract_2026Q2.csv,2024-11-25,2026-04-26,Oak Bay-Gordon Head,0,0,0,0,0,0,0,0,1,1,stale_record,1
SIM-VR-00605,Taylor,Example,1986,7397 Bay St,Saanich,V9A 1H4,48.478824,-123.389773,Active,Saanich South,ICBC_Address_Update_2026Q2.csv,2025-08-01,2026-05-01,Saanich South,0,0,0,0,0,0,0,0,0,0,,0
SIM-VR-00606,Taylor,Placeholder,1959,3740 Cook St,Esquimalt,V8S 9X1,48.452125,-123.441913,Active,Esquimalt-Metchosin,ICBC_Address_Update_2026Q2.csv,2025-07-09,2026-06-02,Esquimalt-Metchosin,0,0,0,0,0,0,0,0,0,0,,0
SIM-VR-00607,Jamie,Training,1942,8613 Cedar Hill Rd,Victoria,V0V 9R9,48.411524,-123.387381,Active,Victoria-Beacon Hill,Contact_Centre_Update_2026Q2.csv,2025-06-06,2026-06-18,Victoria-Beacon Hill,0,0,0,0,0,0,0,0,1,1,stale_record,1
SIM-VR-00608,Drew,Test,1973,9353 Admirals Rd,Esquimalt,V9A 6S5,48.42888,-123.422273,Pending Review,Esquimalt-Metchosin,VitalStats_Status_Update_2026Q2.csv,2025-10-19,2026-06-17,Esquimalt-Metchosin,0,0,0,0,0,0,0,0,0,0,,1
SIM-VR-00609,Sam,Synthetic,1985,9518 Cook St,Esquimalt,V4P 6B2,48.448423,-123.427064,Active,Esquimalt-Metchosin,Online_Registration_Extract_2026Q2.csv,2025-12-28,2026-05-21,Esquimalt-Metchosin,0,0,0,0,0,0,0,0,0,0,,0
SIM-VR-00610,Reese,Test,1989,6283 Cook St,Esquimalt,V3T 9N4,48.421721,-123.419833,Active,Esquimalt-Metchosin,Contact_Centre_Update_2026Q2.csv,2026-01-07,2026-06-07,Esquimalt-Metchosin,0,0,0,0,0,0,0,0,0,0,,0
SIM-VR-00611,Quinn,Sample,1969,2848 Fort St,Esquimalt,V0V 5A7,48.43239,-123.41761,Active,Esquimalt-Metchosin,Online_Registration_Extract_2026Q2.csv,2025-11-22,2026-06-20,Esquimalt-Metchosin,0,0,0,0,0,0,0,0,0,0,,0
SIM-VR-00612,Casey,Mock,1980,9690 Gorge Rd,Oak Bay,V1N 5T9,48.437179,-123.307593,Active,Oak Bay-Gordon Head,Online_Registration_Extract_2026Q2.csv,2026-03-13,2026-06-03,Oak Bay-Gordon Head,0,0,0,0,0,0,0,0,0,0,,0
SIM-VR-00613,Taylor,Demo,1949,639 Bay St,Victoria,V8V 1E0,48.42306,-123.368653,Active,Victoria-Beacon Hill,VitalStats_Status_Update_2026Q2.csv,2024-11-18,2026-04-29,Victoria-Beacon Hill,0,0,0,0,0,0,0,0,1,1,stale_record,1
SIM-VR-00614,Avery,Synthetic,1986,5991 Cedar Hill Rd,Esquimalt,V0B 7B3,48.438503,-123.414072,Active,Esquimalt-Metchosin,VitalStats_Status_Update_2026Q2.csv,2026-01-04,2026-06-20,Esquimalt-Metchosin,0,0,0,0,0,0,0,0,0,0,,0
SIM-VR-00615,Rowan,Example,1945,6417 Harbour View Rd,Victoria,V4B 0A7,48.411165,-123.385102,Active,Victoria-Beacon Hill,Contact_Centre_Update_2026Q2.csv,2026-01-16,2026-06-09,Victoria-Beacon Hill,0,0,0,0,0,0,0,0,0,0,,0
SIM-VR-00616,Jordan,Public,1988,1703 Pandora Ave,Esquimalt,V2P 1Y3,48.419437,-123.427962,Active,Esquimalt-Metchosin,Online_Registration_Extract_2026Q2.csv,2024-07-17,2026-05-21,Esquimalt-Metchosin,0,0,0,0,0,0,0,0,1,1,stale_record,1
SIM-VR-00617,Jamie,Example,1989,320 Harbour View Rd,Victoria,V3T 8J3,48.42071,-123.385561,Pending Review,Victoria-Beacon Hill,Online_Registration_Extract_2026Q2.csv,2025-04-17,2026-06-17,Victoria-Beacon Hill,0,0,0,0,0,0,0,0,1,1,stale_record,1
SIM-VR-00618,Morgan,Practice,1964,9248 Admirals Rd,Saanich,V0R 1P4,48.490008,-123.382661,Active,Saanich South,Online_Registration_Extract_2026Q2.csv,2025-05-26,2026-06-24,Saanich South,0,0,0,0,0,0,0,0,1,1,stale_record,1
SIM-VR-00619,Reese,Demo,1980,1317 Harbour View Rd,Oak Bay,V5N 8X8,48.427655,-123.288703,Active,Oak Bay-Gordon Head,Online_Registration_Extract_2026Q2.csv,2026-01-10,2026-05-14,Oak Bay-Gordon Head,0,0,0,0,0,0,0,0,0,0,,0
SIM-VR-00620,Cameron,Placeholder,1947,8258 Gorge Rd,Esquimalt,V8Z-4K9,48.414633,-123.427521,Active,Esquimalt-Metchosin,Federal_Electors_Extract_2026Q2.csv,2024-10-09,2026-05-21,Esquimalt-Metchosin,0,0,0,1,0,0,0,0,1,2,invalid_postal_code; stale_record,1
SIM-VR-00621,Morgan,Practice,1967,3469 Harbour View Rd,Victoria,V5E 3Y3,48.441548,-123.35323,Active,Victoria-Swan Lake,ICBC_Address_Update_2026Q2.csv,2025-03-02,2026-06-19,Victoria-Swan Lake,0,0,0,0,0,0,0,0,1,1,stale_record,1
SIM-VR-00622,Hayden,Test,1942,,Victoria,V6C 4H3,48.412821,-123.379229,Active,Victoria-Beacon Hill,VitalStats_Status_Update_2026Q2.csv,2025-03-01,2026-06-16,Victoria-Beacon Hill,0,0,1,0,0,0,0,0,1,2,missing_address; stale_record,1
SIM-VR-00623,Reese,Public,1951,8283 Pandora Ave,Saanich,V7C 4S1,48.469408,-123.392884,Active,Saanich South,Federal_Electors_Extract_2026Q2.csv,2025-03-06,2026-06-04,Saanich South,0,0,0,0,0,0,0,0,1,1,stale_record,1
SIM-VR-00624,Rowan,Training,1977,4779 Shelbourne St,Saanich,V9S 0R4,48.479369,-123.354186,Pending Review,Saanich South,Online_Registration_Extract_2026Q2.csv,2025-10-12,2026-06-22,Saanich South,0,0,0,0,0,0,0,0,0,0,,1
SIM-VR-00625,Cameron,Public,1991,4964 Admirals Rd,Victoria,V6T 0J1,48.423867,-123.359348,Active,Victoria-Beacon Hill,Federal_Electors_Extract_2026Q2.csv,2025-10-31,2026-06-18,Victoria-Beacon Hill,0,0,0,0,0,0,0,0,0,0,,0
SIM-VR-00626,Sam,Synthetic,1952,5159 Shelbourne St,Saanich,V6H 0V1,48.495564,-123.386027,Active,Saanich South,Federal_Electors_Extract_2026Q2.csv,2026-04-25,2026-05-19,Saanich South,0,0,0,0,0,0,0,0,0,0,,0
SIM-VR-00627,Taylor,Mock,1951,7790 Fort St,Oak Bay,V8B 3Y8,48.467543,-123.304132,Active,Oak Bay-Gordon Head,ICBC_Address_Update_2026Q2.csv,2026-04-02,2026-05-04,Oak Bay-Gordon Head,0,0,0,0,0,0,0,0,0,0,,0
SIM-VR-00628,Rowan,Test,1972,5210 Cook St,Saanich,V9T 7G9,48.491089,-123.380796,Pending Review,Saanich South,VitalStats_Status_Update_2026Q2.csv,2025-06-03,2026-04-30,Saanich South,0,0,0,0,0,0,0,0,1,1,stale_record,1
SIM-VR-00629,Quinn,Mock,1998,1606 Bay St,Oak Bay,V6E 8X0,48.450989,-123.331578,Active,Oak Bay-Gordon Head,Federal_Electors_Extract_2026Q2.csv,2026-05-20,2026-04-30,Oak Bay-Gordon Head,0,0,0,0,0,0,0,0,0,0,,0
SIM-VR-00630,Cameron,Placeholder,2001,9860 Cook St,Esquimalt,V4Y 4S8,,,Active,Esquimalt-Metchosin,Federal_Electors_Extract_2026Q2.csv,2025-01-17,2026-05-19,,0,0,0,0,1,0,1,0,1,3,missing_location; unmatched_district; stale_record,1
SIM-VR-00631,Reese,Example,1988,8167 Cook St,Saanich,V2N 0G1,48.491429,-123.363206,Active,Saanich South,VitalStats_Status_Update_2026Q2.csv,2025-02-16,2026-05-21,Saanich South,0,0,0,0,0,0,0,0,1,1,stale_record,1
SIM-VR-00632,Drew,Example,1942,4744 Bay St,Oak Bay,V2R 3E6,48.453845,-123.309883,Pending Review,Victoria-Beacon Hill,ICBC_Address_Update_2026Q2.csv,2026-05-09,2026-05-27,Oak Bay-Gordon Head,0,0,0,0,0,0,0,1,0,1,district_mismatch,1
SIM-VR-00633,Rowan,Sample,1980,2819 Tillicum Rd,Oak Bay,V3N 6V0,48.458596,-123.296507,Inactive,Oak Bay-Gordon Head,Online_Registration_Extract_2026Q2.csv,2024-12-02,2026-04-27,Oak Bay-Gordon Head,0,0,0,0,0,0,0,0,1,1,stale_record,1
SIM-VR-00634,Reese,Example,1997,6480 Shelbourne St,Oak Bay,V0J 6P1,48.426742,-123.311683,Active,Oak Bay-Gordon Head,Online_Registration_Extract_2026Q2.csv,2026-04-26,2026-06-18,Oak Bay-Gordon Head,0,0,0,0,0,0,0,0,0,0,,0
SIM-VR-00635,Jordan,Placeholder,1971,185 Shelbourne St,Victoria,V0H 0H6,48.420906,-123.377287,Active,Victoria-Beacon Hill,ICBC_Address_Update_2026Q2.csv,2025-01-30,2026-05-19,Victoria-Beacon Hill,0,0,0,0,0,0,0,0,1,1,stale_record,1
SIM-VR-00636,Reese,Training,1994,4030 Gorge Rd,Victoria,V2B 5J8,48.460945,-123.37354,Inactive,Victoria-Swan Lake,ICBC_Address_Update_2026Q2.csv,2024-09-05,2026-05-28,Victoria-Swan Lake,0,0,0,0,0,0,0,0,1,1,stale_record,1
SIM-VR-00637,Avery,Demo,1994,,Oak Bay,V8N 3J9,48.468751,-123.32233,Active,Oak Bay-Gordon Head,VitalStats_Status_Update_2026Q2.csv,2024-11-18,2026-05-21,Oak Bay-Gordon Head,0,0,1,0,0,0,0,0,1,2,missing_address; stale_record,1
SIM-VR-00638,Taylor,Mock,2006,875 Cook St,Saanich,V1P 9E5,48.476354,-123.352902,Active,Saanich South,VitalStats_Status_Update_2026Q2.csv,2024-09-05,2026-06-05,Saanich South,1,1,0,0,0,0,0,0,1,3,duplicate_id; duplicate_person_address; stale_record,1
SIM-VR-00639,Rowan,Practice,1945,3129 Admirals Rd,Victoria,V6X 0B2,48.409768,-123.373099,Active,Victoria-Beacon Hill,ICBC_Address_Update_2026Q2.csv,2025-08-15,2026-05-02,Victoria-Beacon Hill,0,1,0,0,0,0,0,0,0,1,duplicate_person_address,1
SIM-VR-00640,Hayden,Synthetic,2008,8517 Shelbourne St,Oak Bay,V9T 7B4,,,Active,Oak Bay-Gordon Head,Contact_Centre_Update_2026Q2.csv,2025-09-09,2026-06-17,,0,0,0,0,1,0,1,0,0,2,missing_location; unmatched_district,1
SIM-VR-00641,Riley,Sample,1975,5417 Cook St,Victoria,V6Y 6S3,48.457274,-123.379226,Pending Review,Victoria-Swan Lake,Contact_Centre_Update_2026Q2.csv,2025-12-30,2026-05-02,Victoria-Swan Lake,0,0,0,0,0,0,0,0,0,0,,1
SIM-VR-00642,Morgan,Public,1977,9534 Pandora Ave,Esquimalt,V9G 4X4,,,Active,Esquimalt-Metchosin,VitalStats_Status_Update_2026Q2.csv,2024-09-20,2026-05-12,,0,1,0,0,1,0,1,0,1,4,duplicate_person_address; missing_location; unmatched_district; stale_record,1
SIM-VR-00643,Parker,Public,1966,5166 Cook St,Victoria,V5V 3B5,48.407062,-123.389035,Active,Victoria-Beacon Hill,Contact_Centre_Update_2026Q2.csv,2024-08-10,2026-06-01,Victoria-Beacon Hill,0,0,0,0,0,0,0,0,1,1,stale_record,1
SIM-VR-00644,Casey,Test,1985,9175 Cook St,Saanich,V0Y 6P3,48.472864,-123.351875,Active,Saanich South,Federal_Electors_Extract_2026Q2.csv,2024-11-18,2026-05-01,Saanich South,0,0,0,0,0,0,0,0,1,1,stale_record,1
SIM-VR-00645,Sam,Practice,1982,8611 Cook St,Esquimalt,V0B 3Y2,48.452326,-123.404677,Active,Esquimalt-Metchosin,ICBC_Address_Update_2026Q2.csv,2026-01-25,2026-05-06,Esquimalt-Metchosin,0,0,0,0,0,0,0,0,0,0,,0
SIM-VR-00646,Reese,Mock,1953,660 Fort St,Victoria,V3G 0E7,48.427955,-123.37402,Active,Oak Bay-Gordon Head,Contact_Centre_Update_2026Q2.csv,2025-12-04,2026-05-06,Victoria-Beacon Hill,0,0,0,0,0,0,0,1,0,1,district_mismatch,1
SIM-VR-00647,Avery,Placeholder,1969,811 Cook St,Victoria,V1E 1G7,48.417053,-123.368114,Active,Victoria-Beacon Hill,Contact_Centre_Update_2026Q2.csv,2024-11-08,2026-05-11,Victoria-Beacon Hill,0,0,0,0,0,0,0,0,1,1,stale_record,1
SIM-VR-00648,Drew,Example,1978,1117 Pandora Ave,Esquimalt,V2X 3V6,48.414179,-123.443711,Active,Esquimalt-Metchosin,Federal_Electors_Extract_2026Q2.csv,2025-07-07,2026-05-31,Esquimalt-Metchosin,0,0,0,0,0,0,0,0,0,0,,0
SIM-VR-00649,Taylor,Practice,1957,9748 Gorge Rd,Oak Bay,V7T 0Y4,48.461,-123.292726,Active,Oak Bay-Gordon Head,Contact_Centre_Update_2026Q2.csv,2026-05-30,2026-06-06,Oak Bay-Gordon Head,0,0,0,0,0,0,0,0,0,0,,0
SIM-VR-00650,Jordan,Public,1971,7973 Admirals Rd,Victoria,V3R 5H4,48.415425,-123.382918,Active,Saanich South,ICBC_Address_Update_2026Q2.csv,2024-12-16,2026-05-16,Victoria-Beacon Hill,0,0,0,0,0,0,0,1,1,2,district_mismatch; stale_record,1
SIM-VR-00651,Parker,Sample,1979,4682 Bay St,Saanich,V3A 7N7,48.491271,-123.375543,Active,Saanich South,VitalStats_Status_Update_2026Q2.csv,2026-01-31,2026-05-07,Saanich South,0,0,0,0,0,0,0,0,0,0,,0
SIM-VR-00652,Parker,Synthetic,1977,1499 Douglas St,Victoria,VVV 999,48.412526,-123.363577,Active,Victoria-Beacon Hill,ICBC_Address_Update_2026Q2.csv,2025-04-04,2026-05-03,Victoria-Beacon Hill,0,0,0,1,0,0,0,0,1,2,invalid_postal_code; stale_record,1
SIM-VR-00653,Hayden,Training,1947,1911 Bay St,Oak Bay,V0Y 6X3,48.442568,-123.32113,Active,Oak Bay-Gordon Head,Online_Registration_Extract_2026Q2.csv,2025-05-25,2026-04-28,Oak Bay-Gordon Head,0,0,0,0,0,0,0,0,1,1,stale_record,1
SIM-VR-00654,Jamie,Mock,1978,,Saanich,V1J 6B4,48.478068,-123.352323,Active,Saanich South,VitalStats_Status_Update_2026Q2.csv,2025-04-16,2026-05-02,Saanich South,0,0,1,0,0,0,0,0,1,2,missing_address; stale_record,1
SIM-VR-00655,Cameron,Training,1990,4594 Fort St,Esquimalt,V1X 9R4,48.438754,-123.452083,Active,Esquimalt-Metchosin,Federal_Electors_Extract_2026Q2.csv,2025-09-23,2026-06-21,Esquimalt-Metchosin,0,0,0,0,0,0,0,0,0,0,,0
SIM-VR-00656,Riley,Example,1943,6120 Cedar Hill Rd,Oak Bay,V1H 6B4,48.434405,-123.323312,Active,Victoria-Swan Lake,Federal_Electors_Extract_2026Q2.csv,2026-04-24,2026-05-17,Oak Bay-Gordon Head,0,0,0,0,0,0,0,1,0,1,district_mismatch,1
SIM-VR-00657,Reese,Training,1953,1520 Harbour View Rd,Oak Bay,V4A 9X5,48.434495,-123.312903,Active,Oak Bay-Gordon Head,Contact_Centre_Update_2026Q2.csv,2025-03-25,2026-05-31,Oak Bay-Gordon Head,0,0,0,0,0,0,0,0,1,1,stale_record,1
SIM-VR-00658,Casey,Public,1992,8970 Harbour View Rd,Esquimalt,V0S 0N3,48.412687,-123.426387,Active,Esquimalt-Metchosin,ICBC_Address_Update_2026Q2.csv,2025-05-18,2026-06-09,Esquimalt-Metchosin,0,0,0,0,0,0,0,0,1,1,stale_record,1
SIM-VR-00659,Casey,Demo,1991,6955 Fort St,Victoria,V1J 5B7,48.454162,-123.388476,Active,Victoria-Swan Lake,VitalStats_Status_Update_2026Q2.csv,2025-02-21,2026-05-20,Victoria-Swan Lake,0,0,0,0,0,0,0,0,1,1,stale_record,1
SIM-VR-00660,Parker,Placeholder,1960,8686 Gorge Rd,Saanich,V7S 3H2,48.492498,-123.383086,Inactive,Saanich South,Contact_Centre_Update_2026Q2.csv,2025-05-25,2026-05-13,Saanich South,0,0,0,0,0,0,0,0,1,1,stale_record,1
SIM-VR-00661,Casey,Practice,2008,7732 Fort St,Oak Bay,V3N 8N0,48.468742,-123.302355,Active,Oak Bay-Gordon Head,ICBC_Address_Update_2026Q2.csv,2025-08-08,2026-05-08,Oak Bay-Gordon Head,0,0,0,0,0,0,0,0,0,0,,0
SIM-VR-00662,Jamie,Synthetic,1985,5730 Admirals Rd,Victoria,V8J 0J9,48.444011,-123.347723,Active,Victoria-Swan Lake,ICBC_Address_Update_2026Q2.csv,2025-07-17,2026-05-18,Victoria-Swan Lake,0,0,0,0,0,0,0,0,0,0,,0
SIM-VR-00663,Jordan,Training,1956,4994 Gorge Rd,Victoria,V1P 4H2,48.448835,-123.380686,Active,Victoria-Swan Lake,Online_Registration_Extract_2026Q2.csv,2025-04-13,2026-05-12,Victoria-Swan Lake,0,0,0,0,0,0,0,0,1,1,stale_record,1
SIM-VR-00664,Jordan,Training,1977,7495 Fort St,Esquimalt,V7X 5G8,48.424217,-123.404889,Active,Esquimalt-Metchosin,Contact_Centre_Update_2026Q2.csv,2025-08-24,2026-06-12,Esquimalt-Metchosin,0,0,0,0,0,0,0,0,0,0,,0
SIM-VR-00665,Parker,Mock,1995,1471 Douglas St,Saanich,V5P 5R4,48.484747,-123.359675,Active,Saanich South,Online_Registration_Extract_2026Q2.csv,2024-07-20,2026-06-11,Saanich South,0,1,0,0,0,0,0,0,1,2,duplicate_person_address; stale_record,1
SIM-VR-00666,Rowan,Mock,1982,6377 Bay St,Victoria,VVV 999,48.40948,-123.363614,Active,Victoria-Beacon Hill,Federal_Electors_Extract_2026Q2.csv,2025-09-05,2026-06-12,Victoria-Beacon Hill,0,0,0,1,0,0,0,0,0,1,invalid_postal_code,1
SIM-VR-00667,Morgan,Sample,1968,9290 Bay St,Oak Bay,V6P 1R4,48.446886,-123.32548,Active,Oak Bay-Gordon Head,Contact_Centre_Update_2026Q2.csv,2025-07-12,2026-05-19,Oak Bay-Gordon Head,0,0,0,0,0,0,0,0,0,0,,0
SIM-VR-00668,Jordan,Placeholder,1947,8456 Pandora Ave,Victoria,V4B 2C2,48.449467,-123.377333,Active,Victoria-Swan Lake,VitalStats_Status_Update_2026Q2.csv,2026-06-13,2026-05-27,Victoria-Swan Lake,0,0,0,0,0,0,0,0,0,0,,0
SIM-VR-00669,Rowan,Test,1999,6515 Tillicum Rd,Esquimalt,V0S 0S9,48.42473,-123.401937,Inactive,Esquimalt-Metchosin,Online_Registration_Extract_2026Q2.csv,2025-12-15,2026-06-20,Esquimalt-Metchosin,0,0,0,0,0,0,0,0,0,0,,0
SIM-VR-00670,Alex,Practice,1942,4477 Cedar Hill Rd,Saanich,V4C 1Y4,48.490251,-123.371502,Active,Saanich South,Contact_Centre_Update_2026Q2.csv,2026-05-05,2026-05-28,Saanich South,0,0,0,0,0,0,0,0,0,0,,0
SIM-VR-00671,Parker,Placeholder,1983,2030 Fort St,Esquimalt,V6B 8S0,48.412744,-123.438411,Active,Esquimalt-Metchosin,VitalStats_Status_Update_2026Q2.csv,2026-05-05,2026-06-04,Esquimalt-Metchosin,1,1,0,0,0,0,0,0,0,2,duplicate_id; duplicate_person_address,1
SIM-VR-00672,Rowan,Mock,1989,6183 Pandora Ave,Saanich,V3J 2B2,48.472424,-123.38496,Active,Saanich South,Online_Registration_Extract_2026Q2.csv,2024-11-16,2026-05-02,Saanich South,0,0,0,0,0,0,0,0,1,1,stale_record,1
SIM-VR-00673,Avery,Sample,2002,2638 Cedar Hill Rd,Oak Bay,V2S 6T1,48.470683,-123.320593,Inactive,Oak Bay-Gordon Head,Online_Registration_Extract_2026Q2.csv,2025-05-04,2026-05-01,Oak Bay-Gordon Head,0,0,0,0,0,0,0,0,1,1,stale_record,1
SIM-VR-00674,Casey,Practice,1999,4823 Tillicum Rd,Victoria,V0B 3Y8,48.452738,-123.366805,Active,Victoria-Swan Lake,VitalStats_Status_Update_2026Q2.csv,2025-09-15,2026-06-12,Victoria-Swan Lake,0,1,0,0,0,0,0,0,0,1,duplicate_person_address,1
SIM-VR-00675,Quinn,Public,1979,4154 Tillicum Rd,Victoria,V7P 7V8,48.438072,-123.379413,Pending Review,Victoria-Swan Lake,Online_Registration_Extract_2026Q2.csv,2026-02-11,2026-06-06,Victoria-Swan Lake,0,0,0,0,0,0,0,0,0,0,,1
SIM-VR-00676,Parker,Mock,1957,5948 Fort St,Oak Bay,VVV 999,48.429154,-123.313045,Active,Oak Bay-Gordon Head,Online_Registration_Extract_2026Q2.csv,2024-12-13,2026-05-08,Oak Bay-Gordon Head,0,0,0,1,0,0,0,0,1,2,invalid_postal_code; stale_record,1
SIM-VR-00677,Casey,Example,2002,2314 Fort St,Victoria,V5T 5B6,48.434889,-123.338731,Active,Victoria-Swan Lake,Contact_Centre_Update_2026Q2.csv,2025-06-04,2026-06-18,Victoria-Swan Lake,0,0,0,0,0,0,0,0,1,1,stale_record,1
SIM-VR-00678,Avery,Example,1990,7663 Tillicum Rd,Esquimalt,V8P 5V5,48.434558,-123.451535,Active,Esquimalt-Metchosin,Federal_Electors_Extract_2026Q2.csv,2024-12-18,2026-06-19,Esquimalt-Metchosin,0,0,0,0,0,0,0,0,1,1,stale_record,1
SIM-VR-00679,Morgan,Practice,1986,2517 Admirals Rd,Saanich,V0X 5S1,48.468307,-123.353693,Active,Saanich South,VitalStats_Status_Update_2026Q2.csv,2026-05-03,2026-05-17,Saanich South,0,0,0,0,0,0,0,0,0,0,,0
SIM-VR-00680,Casey,Training,1986,348 Tillicum Rd,Victoria,V6N 5J9,48.413371,-123.374603,Active,Victoria-Beacon Hill,Federal_Electors_Extract_2026Q2.csv,2025-01-30,2026-06-02,Victoria-Beacon Hill,0,0,0,0,0,0,0,0,1,1,stale_record,1
SIM-VR-00681,Morgan,Practice,1986,8466 Bay St,Esquimalt,V2E 0C1,48.419918,-123.432652,Pending Review,Esquimalt-Metchosin,ICBC_Address_Update_2026Q2.csv,2026-04-20,2026-04-26,Esquimalt-Metchosin,0,0,0,0,0,0,0,0,0,0,,1
SIM-VR-00682,Quinn,Practice,1971,8154 Bay St,Oak Bay,V5C 0A8,48.458479,-123.318859,Active,Oak Bay-Gordon Head,Contact_Centre_Update_2026Q2.csv,2025-01-15,2026-06-06,Oak Bay-Gordon Head,0,0,0,0,0,0,0,0,1,1,stale_record,1
SIM-VR-00683,Avery,Example,1944,4234 Shelbourne St,Oak Bay,V8A 1R7,48.445237,-123.322409,Active,Oak Bay-Gordon Head,Federal_Electors_Extract_2026Q2.csv,2025-03-07,2026-06-14,Oak Bay-Gordon Head,0,0,0,0,0,0,0,0,1,1,stale_record,1
SIM-VR-00684,Hayden,Synthetic,1991,9729 Fort St,Esquimalt,V8N 6J5,48.426259,-123.428231,Active,Esquimalt-Metchosin,Contact_Centre_Update_2026Q2.csv,2025-08-17,2026-06-09,Esquimalt-Metchosin,0,0,0,0,0,0,0,0,0,0,,0
SIM-VR-00685,Drew,Practice,1959,927 Harbour View Rd,Victoria,V4E 9A8,48.42582,-123.373847,Active,Victoria-Beacon Hill,VitalStats_Status_Update_2026Q2.csv,2024-04-03,2026-04-30,Victoria-Beacon Hill,0,0,0,0,0,0,0,0,1,1,stale_record,1
SIM-VR-00686,Rowan,Public,2001,5329 Shelbourne St,Saanich,V6A 1N6,48.493502,-123.385928,Active,Saanich South,VitalStats_Status_Update_2026Q2.csv,2026-01-12,2026-05-14,Saanich South,0,0,0,0,0,0,0,0,0,0,,0
SIM-VR-00687,Hayden,Mock,1981,6237 Harbour View Rd,Victoria,V5V 5N9,48.407997,-123.37637,Active,Victoria-Beacon Hill,VitalStats_Status_Update_2026Q2.csv,2025-04-20,2026-06-16,Victoria-Beacon Hill,0,0,0,0,0,0,0,0,1,1,stale_record,1
SIM-VR-00688,Drew,Practice,1998,372 Hillside Ave,Victoria,V0H 8G5,48.444405,-123.350437,Active,Victoria-Swan Lake,VitalStats_Status_Update_2026Q2.csv,2026-03-25,2026-05-06,Victoria-Swan Lake,0,0,0,0,0,0,0,0,0,0,,0
SIM-VR-00689,Avery,Sample,1964,6108 Pandora Ave,Saanich,V3S 5X7,48.493408,-123.339262,Active,Saanich South,ICBC_Address_Update_2026Q2.csv,2025-08-20,2026-06-11,Saanich South,0,0,0,0,0,0,0,0,0,0,,0
SIM-VR-00690,Taylor,Example,1992,6878 Bay St,Esquimalt,V4P 7T7,48.410842,-123.417361,Active,Esquimalt-Metchosin,Federal_Electors_Extract_2026Q2.csv,2024-07-05,2026-06-13,Esquimalt-Metchosin,0,0,0,0,0,0,0,0,1,1,stale_record,1
SIM-VR-00691,Reese,Practice,1993,1827 Cedar Hill Rd,Victoria,V5V 1B8,48.436698,-123.350864,Pending Review,Victoria-Swan Lake,Contact_Centre_Update_2026Q2.csv,2025-07-25,2026-05-29,Victoria-Swan Lake,0,0,0,0,0,0,0,0,0,0,,1
SIM-VR-00692,Riley,Sample,1966,2646 Gorge Rd,Oak Bay,V1Y 3T1,48.471564,-123.300918,Active,Oak Bay-Gordon Head,VitalStats_Status_Update_2026Q2.csv,2026-01-07,2026-06-15,Oak Bay-Gordon Head,0,0,0,0,0,0,0,0,0,0,,0
SIM-VR-00693,Morgan,Sample,1970,7940 Admirals Rd,Esquimalt,V8T 7J5,49.496238,-122.841575,Active,Esquimalt-Metchosin,ICBC_Address_Update_2026Q2.csv,2025-03-15,2026-05-17,,0,0,0,0,0,1,1,0,1,3,out_of_region; unmatched_district; stale_record,1
SIM-VR-00694,Rowan,Public,1995,625 Cook St,Saanich,12345,48.469497,-123.342191,Active,Saanich South,Contact_Centre_Update_2026Q2.csv,2025-09-11,2026-06-09,Saanich South,0,0,0,1,0,0,0,0,0,1,invalid_postal_code,1
SIM-VR-00695,Morgan,Demo,1985,7048 Tillicum Rd,Oak Bay,V6X 3H7,48.439986,-123.292494,Active,Oak Bay-Gordon Head,VitalStats_Status_Update_2026Q2.csv,2024-12-24,2026-05-14,Oak Bay-Gordon Head,0,0,0,0,0,0,0,0,1,1,stale_record,1
SIM-VR-00696,Drew,Demo,1971,1290 Tillicum Rd,Victoria,V2V 3V4,48.424291,-123.380904,Active,Victoria-Beacon Hill,ICBC_Address_Update_2026Q2.csv,2026-03-15,2026-05-07,Victoria-Beacon Hill,0,0,0,0,0,0,0,0,0,0,,0
SIM-VR-00697,Morgan,Training,1965,4466 Cedar Hill Rd,Esquimalt,12345,48.43307,-123.427678,Active,Esquimalt-Metchosin,VitalStats_Status_Update_2026Q2.csv,2024-08-30,2026-05-04,Esquimalt-Metchosin,0,1,0,1,0,0,0,0,1,3,duplicate_person_address; invalid_postal_code; stale_record,1
SIM-VR-00698,Parker,Public,1971,9859 Cedar Hill Rd,Victoria,VVV 999,48.413498,-123.373408,Active,Victoria-Beacon Hill,Online_Registration_Extract_2026Q2.csv,2024-07-15,2026-05-01,Victoria-Beacon Hill,0,0,0,1,0,0,0,0,1,2,invalid_postal_code; stale_record,1
SIM-VR-00699,Cameron,Public,1946,2290 Harbour View Rd,Saanich,V0X 6N8,48.46895,-123.384386,Active,Saanich South,ICBC_Address_Update_2026Q2.csv,2025-01-02,2026-05-01,Saanich South,0,0,0,0,0,0,0,0,1,1,stale_record,1
SIM-VR-00700,Avery,Example,1975,4568 Douglas St,Victoria,V0C 1C0,48.417406,-123.390628,Active,Victoria-Beacon Hill,VitalStats_Status_Update_2026Q2.csv,2026-06-24,2026-05-03,Victoria-Beacon Hill,0,0,0,0,0,0,0,0,0,0,,0
SIM-VR-00701,Sam,Sample,2006,4477 Fort St,Victoria,V5B 4B0,48.444365,-123.368972,Active,Esquimalt-Metchosin,ICBC_Address_Update_2026Q2.csv,2026-02-06,2026-06-08,Victoria-Swan Lake,0,0,0,0,0,0,0,1,0,1,district_mismatch,1
SIM-VR-00702,Rowan,Test,1970,8375 Bay St,Victoria,V3Y 6X8,48.420615,-123.366237,Active,Victoria-Beacon Hill,ICBC_Address_Update_2026Q2.csv,2025-08-09,2026-05-15,Victoria-Beacon Hill,0,0,0,0,0,0,0,0,0,0,,0
SIM-VR-00703,Quinn,Demo,2000,6531 Douglas St,Oak Bay,V1N 0B0,48.430723,-123.287909,Active,Oak Bay-Gordon Head,Contact_Centre_Update_2026Q2.csv,2026-06-06,2026-05-03,Oak Bay-Gordon Head,1,1,0,0,0,0,0,0,0,2,duplicate_id; duplicate_person_address,1
SIM-VR-00704,Drew,Demo,1969,8052 Pandora Ave,Esquimalt,V6V 9J5,48.41773,-123.399004,Active,Esquimalt-Metchosin,Contact_Centre_Update_2026Q2.csv,2025-02-23,2026-05-26,Esquimalt-Metchosin,0,0,0,0,0,0,0,0,1,1,stale_record,1
SIM-VR-00705,Sam,Test,1986,3274 Shelbourne St,Oak Bay,V9J 3J2,48.463463,-123.298683,Active,Oak Bay-Gordon Head,VitalStats_Status_Update_2026Q2.csv,2025-05-02,2026-05-26,Oak Bay-Gordon Head,0,0,0,0,0,0,0,0,1,1,stale_record,1
SIM-VR-00706,Riley,Practice,1958,5707 Harbour View Rd,Oak Bay,V3G 6J7,48.472565,-123.318746,Active,Oak Bay-Gordon Head,VitalStats_Status_Update_2026Q2.csv,2025-06-08,2026-04-26,Oak Bay-Gordon Head,0,0,0,0,0,0,0,0,1,1,stale_record,1
SIM-VR-00707,Parker,Sample,1993,1528 Pandora Ave,Victoria,V1X 8S8,48.417925,-123.368755,Pending Review,Victoria-Beacon Hill,VitalStats_Status_Update_2026Q2.csv,2025-02-16,2026-06-10,Victoria-Beacon Hill,0,0,0,0,0,0,0,0,1,1,stale_record,1
SIM-VR-00708,Cameron,Practice,1960,4811 Gorge Rd,Victoria,V5A 6E1,48.42037,-123.383964,Active,Victoria-Beacon Hill,Federal_Electors_Extract_2026Q2.csv,2026-02-12,2026-06-09,Victoria-Beacon Hill,0,0,0,0,0,0,0,0,0,0,,0
SIM-VR-00709,Alex,Placeholder,1957,4300 Bay St,Victoria,V0Y 3A5,48.419405,-123.359379,Inactive,Victoria-Beacon Hill,ICBC_Address_Update_2026Q2.csv,2025-03-11,2026-06-03,Victoria-Beacon Hill,0,0,0,0,0,0,0,0,1,1,stale_record,1
SIM-VR-00710,Sam,Training,1989,2403 Bay St,Esquimalt,V6T 9C5,48.419248,-123.446736,Active,Esquimalt-Metchosin,Online_Registration_Extract_2026Q2.csv,2026-02-11,2026-04-29,Esquimalt-Metchosin,0,0,0,0,0,0,0,0,0,0,,0
SIM-VR-00711,Parker,Training,1975,9725 Shelbourne St,Victoria,V2P 0X2,48.429923,-123.369668,Active,Victoria-Beacon Hill,Contact_Centre_Update_2026Q2.csv,2026-04-01,2026-06-10,Victoria-Beacon Hill,0,0,0,0,0,0,0,0,0,0,,0
SIM-VR-00712,Sam,Mock,1960,,Esquimalt,V1H 3N0,48.443158,-123.414353,Active,Esquimalt-Metchosin,ICBC_Address_Update_2026Q2.csv,2024-04-03,2026-06-10,Esquimalt-Metchosin,0,0,1,0,0,0,0,0,1,2,missing_address; stale_record,1
SIM-VR-00713,Sam,Placeholder,1952,5845 Gorge Rd,Victoria,V0T 1B4,48.426261,-123.375388,Active,Victoria-Beacon Hill,VitalStats_Status_Update_2026Q2.csv,2024-08-19,2026-05-23,Victoria-Beacon Hill,0,0,0,0,0,0,0,0,1,1,stale_record,1
SIM-VR-00714,Reese,Example,1962,4632 Pandora Ave,Esquimalt,V9R 7N8,48.434343,-123.419825,Active,Esquimalt-Metchosin,Federal_Electors_Extract_2026Q2.csv,2024-10-01,2026-05-24,Esquimalt-Metchosin,0,0,0,0,0,0,0,0,1,1,stale_record,1
SIM-VR-00715,Morgan,Example,2001,9597 Cedar Hill Rd,Victoria,V4N 1C4,48.42005,-123.372312,Active,Victoria-Beacon Hill,ICBC_Address_Update_2026Q2.csv,2024-07-12,2026-05-26,Victoria-Beacon Hill,0,0,0,0,0,0,0,0,1,1,stale_record,1
SIM-VR-00716,Reese,Synthetic,1998,165 Harbour View Rd,Victoria,V3P 8X0,48.461336,-123.342211,Inactive,Victoria-Swan Lake,Online_Registration_Extract_2026Q2.csv,2025-12-26,2026-05-19,Victoria-Swan Lake,0,0,0,0,0,0,0,0,0,0,,0
SIM-VR-00717,Jamie,Public,1944,4361 Hillside Ave,Victoria,V7J 0J9,48.422012,-123.37395,Active,Victoria-Beacon Hill,Federal_Electors_Extract_2026Q2.csv,2025-05-09,2026-05-20,Victoria-Beacon Hill,0,0,0,0,0,0,0,0,1,1,stale_record,1
SIM-VR-00718,Taylor,Example,1965,5839 Cedar Hill Rd,Victoria,V6B 4B4,48.453862,-123.363719,Active,Saanich South,ICBC_Address_Update_2026Q2.csv,2026-04-20,2026-06-01,Victoria-Swan Lake,0,0,0,0,0,0,0,1,0,1,district_mismatch,1
SIM-VR-00719,Parker,Mock,1944,6319 Gorge Rd,Victoria,V1G 3G7,,,Active,Victoria-Beacon Hill,Contact_Centre_Update_2026Q2.csv,2025-04-05,2026-06-20,,0,0,0,0,1,0,1,0,1,3,missing_location; unmatched_district; stale_record,1
SIM-VR-00720,Rowan,Synthetic,1946,1620 Pandora Ave,Oak Bay,V1J 7V1,48.442387,-123.322103,Active,Oak Bay-Gordon Head,VitalStats_Status_Update_2026Q2.csv,2025-05-16,2026-06-17,Oak Bay-Gordon Head,0,0,0,0,0,0,0,0,1,1,stale_record,1
SIM-VR-00721,Casey,Practice,1944,8096 Tillicum Rd,Esquimalt,V7C 2V0,48.410848,-123.420021,Inactive,Esquimalt-Metchosin,VitalStats_Status_Update_2026Q2.csv,2026-03-27,2026-06-04,Esquimalt-Metchosin,0,0,0,0,0,0,0,0,0,0,,0
SIM-VR-00722,Hayden,Test,1963,3921 Cedar Hill Rd,Oak Bay,V0C 9P6,48.42835,-123.29958,Active,Oak Bay-Gordon Head,ICBC_Address_Update_2026Q2.csv,2025-07-23,2026-05-19,Oak Bay-Gordon Head,0,0,0,0,0,0,0,0,0,0,,0
SIM-VR-00723,Taylor,Example,1979,,Saanich,V9B 2H2,48.47317,-123.36489,Active,Saanich South,VitalStats_Status_Update_2026Q2.csv,2025-03-03,2026-05-30,Saanich South,0,0,1,0,0,0,0,0,1,2,missing_address; stale_record,1
SIM-VR-00724,Parker,Training,1974,7491 Tillicum Rd,Esquimalt,V3J 0J8,48.445487,-123.412947,Active,Esquimalt-Metchosin,Contact_Centre_Update_2026Q2.csv,2024-12-11,2026-06-05,Esquimalt-Metchosin,0,0,0,0,0,0,0,0,1,1,stale_record,1
SIM-VR-00725,Riley,Training,1957,7053 Admirals Rd,Esquimalt,V6Y 5C5,48.411586,-123.413007,Active,Esquimalt-Metchosin,ICBC_Address_Update_2026Q2.csv,2025-05-21,2026-05-03,Esquimalt-Metchosin,0,0,0,0,0,0,0,0,1,1,stale_record,1
SIM-VR-00726,Sam,Test,1976,7015 Fort St,Victoria,V0T 9G2,48.446499,-123.341028,Active,Victoria-Swan Lake,ICBC_Address_Update_2026Q2.csv,2026-05-23,2026-06-07,Victoria-Swan Lake,0,0,0,0,0,0,0,0,0,0,,0
SIM-VR-00727,Reese,Public,1942,1988 Fort St,Victoria,V4P 9A4,48.414373,-123.367546,Active,Victoria-Beacon Hill,VitalStats_Status_Update_2026Q2.csv,2024-10-13,2026-05-18,Victoria-Beacon Hill,0,1,0,0,0,0,0,0,1,2,duplicate_person_address; stale_record,1
SIM-VR-00728,Riley,Placeholder,1967,7735 Bay St,Saanich,V0H 2H7,48.498647,-123.370858,Active,Saanich South,Contact_Centre_Update_2026Q2.csv,2025-10-17,2026-06-09,Saanich South,0,0,0,0,0,0,0,0,0,0,,0
SIM-VR-00729,Jamie,Synthetic,1977,7707 Cook St,Oak Bay,V9A 1X4,48.437087,-123.303461,Active,Oak Bay-Gordon Head,Federal_Electors_Extract_2026Q2.csv,2025-06-14,2026-05-06,Oak Bay-Gordon Head,0,0,0,0,0,0,0,0,1,1,stale_record,1
SIM-VR-00730,Parker,Placeholder,1956,8530 Admirals Rd,Esquimalt,V3R 4R7,48.42009,-123.43152,Active,Esquimalt-Metchosin,Contact_Centre_Update_2026Q2.csv,2024-06-27,2026-06-16,Esquimalt-Metchosin,0,0,0,0,0,0,0,0,1,1,stale_record,1
SIM-VR-00731,Morgan,Training,1965,4967 Bay St,Victoria,V5V 4C5,48.461747,-123.373908,Active,Victoria-Swan Lake,VitalStats_Status_Update_2026Q2.csv,2026-01-24,2026-06-03,Victoria-Swan Lake,0,0,0,0,0,0,0,0,0,0,,0
SIM-VR-00732,Rowan,Mock,1996,1783 Tillicum Rd,Esquimalt,V0N 2H8,48.420485,-123.445183,Active,Esquimalt-Metchosin,Contact_Centre_Update_2026Q2.csv,2025-03-03,2026-05-28,Esquimalt-Metchosin,0,0,0,0,0,0,0,0,1,1,stale_record,1
SIM-VR-00733,Avery,Test,1960,1855 Shelbourne St,Saanich,V9J 1R9,48.481995,-123.349685,Pending Review,Saanich South,VitalStats_Status_Update_2026Q2.csv,2026-01-07,2026-06-08,Saanich South,0,0,0,0,0,0,0,0,0,0,,1
SIM-VR-00734,Parker,Public,1953,1114 Hillside Ave,Victoria,V4Y 7A9,48.455801,-123.374502,Active,Victoria-Swan Lake,Federal_Electors_Extract_2026Q2.csv,2025-10-11,2026-04-28,Victoria-Swan Lake,0,0,0,0,0,0,0,0,0,0,,0
SIM-VR-00735,Drew,Synthetic,1974,8158 Cedar Hill Rd,Esquimalt,V5J 1T3,48.415792,-123.432758,Active,Esquimalt-Metchosin,Contact_Centre_Update_2026Q2.csv,2025-10-05,2026-06-17,Esquimalt-Metchosin,0,0,0,0,0,0,0,0,0,0,,0
SIM-VR-00736,Taylor,Mock,1980,5161 Cook St,Esquimalt,V7R 6X7,48.442826,-123.416826,Pending Review,Esquimalt-Metchosin,Online_Registration_Extract_2026Q2.csv,2025-10-19,2026-05-24,Esquimalt-Metchosin,0,0,0,0,0,0,0,0,0,0,,1
SIM-VR-00737,Avery,Mock,1977,8225 Hillside Ave,Saanich,V5E 9S9,48.480075,-123.352686,Active,Saanich South,VitalStats_Status_Update_2026Q2.csv,2025-11-11,2026-06-12,Saanich South,0,0,0,0,0,0,0,0,0,0,,0
SIM-VR-00738,Rowan,Test,1942,,Oak Bay,V6R 5A5,48.43625,-123.323272,Active,Oak Bay-Gordon Head,VitalStats_Status_Update_2026Q2.csv,2026-01-20,2026-06-16,Oak Bay-Gordon Head,0,0,1,0,0,0,0,0,0,1,missing_address,1
SIM-VR-00739,Riley,Example,1944,8604 Gorge Rd,Victoria,V8G 7R9,48.42033,-123.359274,Active,Victoria-Beacon Hill,Online_Registration_Extract_2026Q2.csv,2026-04-24,2026-05-04,Victoria-Beacon Hill,1,1,0,0,0,0,0,0,0,2,duplicate_id; duplicate_person_address,1
SIM-VR-00740,Jamie,Example,1942,8337 Cook St,Saanich,V3R 3X3,48.469109,-123.370982,Active,Saanich South,VitalStats_Status_Update_2026Q2.csv,2024-02-10,2026-05-09,Saanich South,0,0,0,0,0,0,0,0,1,1,stale_record,1
SIM-VR-00741,Casey,Public,1996,8884 Douglas St,Victoria,V6N 1H9,48.419965,-123.38992,Pending Review,Victoria-Beacon Hill,Online_Registration_Extract_2026Q2.csv,2025-02-22,2026-05-20,Victoria-Beacon Hill,0,0,0,0,0,0,0,0,1,1,stale_record,1
SIM-VR-00742,Casey,Practice,1983,,Saanich,V3H 9V2,48.502576,-123.339512,Active,Saanich South,ICBC_Address_Update_2026Q2.csv,2026-05-15,2026-05-18,Saanich South,0,0,1,0,0,0,0,0,0,1,missing_address,1
SIM-VR-00743,Quinn,Synthetic,1967,2197 Admirals Rd,Saanich,V9S 8V9,48.497035,-123.381403,Active,Saanich South,ICBC_Address_Update_2026Q2.csv,2024-08-29,2026-06-11,Saanich South,0,0,0,0,0,0,0,0,1,1,stale_record,1
SIM-VR-00744,Rowan,Mock,2001,4796 Gorge Rd,Esquimalt,V2G 3V8,48.451051,-123.440763,Inactive,Esquimalt-Metchosin,Contact_Centre_Update_2026Q2.csv,2026-02-21,2026-06-18,Esquimalt-Metchosin,0,0,0,0,0,0,0,0,0,0,,0
SIM-VR-00745,Hayden,Example,1967,2549 Shelbourne St,Esquimalt,V4S 8Y1,48.442495,-123.44647,Active,Esquimalt-Metchosin,Contact_Centre_Update_2026Q2.csv,2026-01-21,2026-04-30,Esquimalt-Metchosin,0,0,0,0,0,0,0,0,0,0,,0
SIM-VR-00746,Avery,Synthetic,2007,1776 Gorge Rd,Victoria,V0A 5Y3,48.456466,-123.380419,Active,Victoria-Swan Lake,Federal_Electors_Extract_2026Q2.csv,2024-11-17,2026-05-08,Victoria-Swan Lake,0,0,0,0,0,0,0,0,1,1,stale_record,1
SIM-VR-00747,Sam,Practice,1972,3067 Bay St,Victoria,V8J 1P2,48.426823,-123.389483,Active,Victoria-Beacon Hill,Contact_Centre_Update_2026Q2.csv,2025-05-17,2026-05-06,Victoria-Beacon Hill,0,0,0,0,0,0,0,0,1,1,stale_record,1
SIM-VR-00748,Quinn,Test,1964,3930 Fort St,Esquimalt,V4X 0A3,48.441549,-123.411061,Active,Esquimalt-Metchosin,Contact_Centre_Update_2026Q2.csv,2025-10-24,2026-05-20,Esquimalt-Metchosin,0,0,0,0,0,0,0,0,0,0,,0
SIM-VR-00749,Cameron,Public,2001,5913 Tillicum Rd,Saanich,V4P 7R2,48.482506,-123.379579,Active,Saanich South,Contact_Centre_Update_2026Q2.csv,2025-07-01,2026-05-23,Saanich South,0,1,0,0,0,0,0,0,0,1,duplicate_person_address,1
SIM-VR-00750,Cameron,Practice,1988,2600 Bay St,Victoria,V3R 2Y9,48.458622,-123.364149,Active,Victoria-Swan Lake,VitalStats_Status_Update_2026Q2.csv,2025-07-13,2026-05-16,Victoria-Swan Lake,0,1,0,0,0,0,0,0,0,1,duplicate_person_address,1
SIM-VR-00751,Cameron,Mock,1998,2998 Gorge Rd,Saanich,V4Y 3R8,48.490724,-123.353818,Pending Review,Saanich South,Federal_Electors_Extract_2026Q2.csv,2024-06-07,2026-05-13,Saanich South,0,0,0,0,0,0,0,0,1,1,stale_record,1
SIM-VR-00752,Quinn,Example,1989,6563 Shelbourne St,Saanich,V2E 9V8,48.493792,-123.355853,Active,Saanich South,Contact_Centre_Update_2026Q2.csv,2026-02-19,2026-05-13,Saanich South,0,0,0,0,0,0,0,0,0,0,,0
SIM-VR-00753,Cameron,Practice,1985,5929 Hillside Ave,Esquimalt,V2X 0C2,48.432488,-123.448729,Active,Esquimalt-Metchosin,VitalStats_Status_Update_2026Q2.csv,2026-03-29,2026-06-19,Esquimalt-Metchosin,0,0,0,0,0,0,0,0,0,0,,0
SIM-VR-00754,Riley,Sample,2000,7419 Pandora Ave,Esquimalt,V6H 0V7,48.452321,-123.419442,Active,Esquimalt-Metchosin,Federal_Electors_Extract_2026Q2.csv,2024-11-28,2026-05-31,Esquimalt-Metchosin,0,0,0,0,0,0,0,0,1,1,stale_record,1
SIM-VR-00755,Hayden,Public,1960,2020 Shelbourne St,Saanich,V4A 7X9,48.495504,-123.363932,Active,Victoria-Swan Lake,ICBC_Address_Update_2026Q2.csv,2026-06-19,2026-05-14,Saanich South,0,0,0,0,0,0,0,1,0,1,district_mismatch,1
SIM-VR-00756,Drew,Placeholder,2002,3131 Tillicum Rd,Victoria,V7R 2V3,48.429393,-123.358978,Inactive,Victoria-Beacon Hill,Federal_Electors_Extract_2026Q2.csv,2026-03-31,2026-05-10,Victoria-Beacon Hill,0,0,0,0,0,0,0,0,0,0,,0
SIM-VR-00757,Hayden,Synthetic,1976,1700 Tillicum Rd,Victoria,V6N 9R7,48.409871,-123.372839,Active,Victoria-Beacon Hill,Federal_Electors_Extract_2026Q2.csv,2024-11-01,2026-04-30,Victoria-Beacon Hill,0,0,0,0,0,0,0,0,1,1,stale_record,1
SIM-VR-00758,Casey,Placeholder,1950,4324 Harbour View Rd,Victoria,V2X 0X2,48.419323,-123.367053,Active,Victoria-Beacon Hill,Federal_Electors_Extract_2026Q2.csv,2024-12-18,2026-05-10,Victoria-Beacon Hill,0,0,0,0,0,0,0,0,1,1,stale_record,1
SIM-VR-00759,Quinn,Synthetic,1981,1910 Cook St,Saanich,V9X 1J6,48.475161,-123.347111,Inactive,Saanich South,Contact_Centre_Update_2026Q2.csv,2024-08-22,2026-05-17,Saanich South,0,0,0,0,0,0,0,0,1,1,stale_record,1
SIM-VR-00760,Sam,Demo,1972,2033 Bay St,Esquimalt,V8B 2R0,48.407193,-123.443766,Active,Esquimalt-Metchosin,Online_Registration_Extract_2026Q2.csv,2025-05-02,2026-05-26,Esquimalt-Metchosin,0,0,0,0,0,0,0,0,1,1,stale_record,1
SIM-VR-00761,Avery,Placeholder,1991,4848 Harbour View Rd,Oak Bay,V2P 9T3,48.425131,-123.290889,Active,Oak Bay-Gordon Head,Contact_Centre_Update_2026Q2.csv,2024-08-02,2026-05-27,Oak Bay-Gordon Head,0,0,0,0,0,0,0,0,1,1,stale_record,1
SIM-VR-00762,Quinn,Placeholder,1979,7790 Cedar Hill Rd,Oak Bay,V4R 3S1,48.436474,-123.324904,Active,Oak Bay-Gordon Head,ICBC_Address_Update_2026Q2.csv,2024-10-27,2026-05-12,Oak Bay-Gordon Head,0,0,0,0,0,0,0,0,1,1,stale_record,1
SIM-VR-00763,Jordan,Training,1996,6509 Tillicum Rd,Victoria,V5C 7S1,48.435391,-123.357318,Active,Victoria-Swan Lake,Online_Registration_Extract_2026Q2.csv,2026-03-12,2026-06-13,Victoria-Swan Lake,0,0,0,0,0,0,0,0,0,0,,0
SIM-VR-00764,Jamie,Placeholder,1980,3952 Hillside Ave,Victoria,V3J 5N9,48.451283,-123.345232,Active,Victoria-Swan Lake,ICBC_Address_Update_2026Q2.csv,2025-02-03,2026-05-26,Victoria-Swan Lake,0,0,0,0,0,0,0,0,1,1,stale_record,1
SIM-VR-00765,Morgan,Example,1985,1431 Gorge Rd,Victoria,V2T 5B3,48.407523,-123.381865,Inactive,Victoria-Beacon Hill,Contact_Centre_Update_2026Q2.csv,2025-04-01,2026-05-08,Victoria-Beacon Hill,0,0,0,0,0,0,0,0,1,1,stale_record,1
SIM-VR-00766,Jamie,Placeholder,1999,5238 Pandora Ave,Victoria,V9S 7C3,48.454861,-123.370492,Active,Victoria-Swan Lake,ICBC_Address_Update_2026Q2.csv,2025-05-12,2026-05-08,Victoria-Swan Lake,0,0,0,0,0,0,0,0,1,1,stale_record,1
SIM-VR-00767,Jamie,Sample,1969,237 Cedar Hill Rd,Oak Bay,V8G 7E5,48.439073,-123.327778,Active,Oak Bay-Gordon Head,ICBC_Address_Update_2026Q2.csv,2024-11-16,2026-05-27,Oak Bay-Gordon Head,0,0,0,0,0,0,0,0,1,1,stale_record,1
SIM-VR-00768,Quinn,Public,1964,5500 Gorge Rd,Victoria,V0T 5V5,48.407583,-123.37331,Active,Victoria-Beacon Hill,Online_Registration_Extract_2026Q2.csv,2026-04-05,2026-05-15,Victoria-Beacon Hill,0,0,0,0,0,0,0,0,0,0,,0
SIM-VR-00769,Taylor,Training,1971,8041 Pandora Ave,Victoria,V3H 3H2,48.429137,-123.357224,Active,Victoria-Beacon Hill,ICBC_Address_Update_2026Q2.csv,2024-09-29,2026-05-24,Victoria-Beacon Hill,0,0,0,0,0,0,0,0,1,1,stale_record,1
SIM-VR-00770,Riley,Example,1996,7089 Harbour View Rd,Oak Bay,V0H 9T5,48.468515,-123.303523,Active,Oak Bay-Gordon Head,Contact_Centre_Update_2026Q2.csv,2025-04-13,2026-05-25,Oak Bay-Gordon Head,0,0,0,0,0,0,0,0,1,1,stale_record,1
SIM-VR-00771,Jamie,Practice,1996,,Oak Bay,V5V 9N6,48.461837,-123.324779,Active,Oak Bay-Gordon Head,ICBC_Address_Update_2026Q2.csv,2024-12-18,2026-06-19,Oak Bay-Gordon Head,0,0,1,0,0,0,0,0,1,2,missing_address; stale_record,1
SIM-VR-00772,Jordan,Public,2001,8975 Cook St,Oak Bay,V9R 6N0,48.431157,-123.294692,Active,Oak Bay-Gordon Head,Federal_Electors_Extract_2026Q2.csv,2024-11-05,2026-06-05,Oak Bay-Gordon Head,0,0,0,0,0,0,0,0,1,1,stale_record,1
SIM-VR-00773,Drew,Synthetic,1998,2357 Douglas St,Oak Bay,V6P 7G9,48.442119,-123.324831,Active,Victoria-Beacon Hill,Online_Registration_Extract_2026Q2.csv,2026-04-01,2026-05-28,Oak Bay-Gordon Head,0,0,0,0,0,0,0,1,0,1,district_mismatch,1
SIM-VR-00774,Riley,Mock,1953,1285 Gorge Rd,Esquimalt,V5H 1B4,48.441409,-123.448343,Inactive,Esquimalt-Metchosin,VitalStats_Status_Update_2026Q2.csv,2026-02-21,2026-05-04,Esquimalt-Metchosin,0,0,0,0,0,0,0,0,0,0,,0
SIM-VR-00775,Riley,Demo,1974,6616 Admirals Rd,Saanich,V3R 0G2,48.48449,-123.386602,Active,Saanich South,VitalStats_Status_Update_2026Q2.csv,2025-02-26,2026-06-13,Saanich South,0,0,0,0,0,0,0,0,1,1,stale_record,1
SIM-VR-00776,Taylor,Training,2003,4196 Admirals Rd,Victoria,V8Y 9B5,48.460694,-123.364939,Active,Victoria-Swan Lake,Online_Registration_Extract_2026Q2.csv,2026-02-16,2026-05-19,Victoria-Swan Lake,0,0,0,0,0,0,0,0,0,0,,0
SIM-VR-00777,Hayden,Public,2004,1923 Cook St,Victoria,V5Y 4R7,48.42777,-123.357234,Active,Victoria-Beacon Hill,Online_Registration_Extract_2026Q2.csv,2025-08-07,2026-05-29,Victoria-Beacon Hill,0,0,0,0,0,0,0,0,0,0,,0
SIM-VR-00778,Morgan,Mock,1980,7818 Harbour View Rd,Oak Bay,,48.438772,-123.32255,Active,Oak Bay-Gordon Head,Federal_Electors_Extract_2026Q2.csv,2024-09-22,2026-06-14,Oak Bay-Gordon Head,0,0,0,1,0,0,0,0,1,2,invalid_postal_code; stale_record,1
SIM-VR-00779,Reese,Training,1995,3394 Harbour View Rd,Saanich,V0R 4A3,48.484954,-123.357623,Active,Saanich South,Online_Registration_Extract_2026Q2.csv,2025-01-06,2026-05-04,Saanich South,0,0,0,0,0,0,0,0,1,1,stale_record,1
SIM-VR-00780,Riley,Practice,1988,411 Cedar Hill Rd,Oak Bay,V2V 9J3,48.464599,-123.32575,Active,Oak Bay-Gordon Head,VitalStats_Status_Update_2026Q2.csv,2026-01-16,2026-05-23,Oak Bay-Gordon Head,0,0,0,0,0,0,0,0,0,0,,0
SIM-VR-00781,Quinn,Example,1951,8646 Gorge Rd,Saanich,V9C 9H9,48.484247,-123.34813,Active,Saanich South,Contact_Centre_Update_2026Q2.csv,2025-04-18,2026-05-28,Saanich South,0,0,0,0,0,0,0,0,1,1,stale_record,1
SIM-VR-00782,Quinn,Training,1997,5678 Fort St,Victoria,V8J 7C6,48.422178,-123.387158,Active,Victoria-Beacon Hill,Contact_Centre_Update_2026Q2.csv,2024-12-17,2026-05-31,Victoria-Beacon Hill,0,0,0,0,0,0,0,0,1,1,stale_record,1
SIM-VR-00783,Jordan,Placeholder,1991,,Victoria,V6G 8X5,48.41199,-123.364295,Active,Victoria-Beacon Hill,VitalStats_Status_Update_2026Q2.csv,2024-09-18,2026-04-28,Victoria-Beacon Hill,0,0,1,0,0,0,0,0,1,2,missing_address; stale_record,1
SIM-VR-00784,Parker,Sample,1968,2382 Bay St,Victoria,V3C 4V2,48.412601,-123.377935,Active,Victoria-Beacon Hill,Contact_Centre_Update_2026Q2.csv,2025-10-31,2026-05-23,Victoria-Beacon Hill,0,0,0,0,0,0,0,0,0,0,,0
SIM-VR-00785,Rowan,Training,1948,2720 Bay St,Victoria,V3Y 8S1,48.413732,-123.391593,Active,Victoria-Beacon Hill,Online_Registration_Extract_2026Q2.csv,2025-05-09,2026-06-02,Victoria-Beacon Hill,0,0,0,0,0,0,0,0,1,1,stale_record,1
SIM-VR-00786,Alex,Training,1974,7806 Harbour View Rd,Oak Bay,V7N 9C3,,,Pending Review,Oak Bay-Gordon Head,Federal_Electors_Extract_2026Q2.csv,2024-11-09,2026-04-28,,0,0,0,0,1,0,1,0,1,3,missing_location; unmatched_district; stale_record,1
SIM-VR-00787,Avery,Training,1971,8427 Bay St,Victoria,V1J 2A4,48.450866,-123.368506,Pending Review,Victoria-Swan Lake,VitalStats_Status_Update_2026Q2.csv,2024-02-17,2026-06-10,Victoria-Swan Lake,0,0,0,0,0,0,0,0,1,1,stale_record,1
SIM-VR-00788,Jordan,Mock,1976,6675 Hillside Ave,Saanich,V1Y 0H3,48.496771,-123.345005,Active,Saanich South,Contact_Centre_Update_2026Q2.csv,2024-11-30,2026-05-04,Saanich South,0,0,0,0,0,0,0,0,1,1,stale_record,1
SIM-VR-00789,Sam,Synthetic,1950,7979 Tillicum Rd,Oak Bay,V8T 8C7,48.426193,-123.326763,Inactive,Oak Bay-Gordon Head,ICBC_Address_Update_2026Q2.csv,2024-08-10,2026-05-27,Oak Bay-Gordon Head,0,0,0,0,0,0,0,0,1,1,stale_record,1
SIM-VR-00790,Quinn,Synthetic,1985,6583 Cedar Hill Rd,Victoria,V1H 8P5,48.428763,-123.361192,Active,Victoria-Beacon Hill,ICBC_Address_Update_2026Q2.csv,2024-11-27,2026-05-17,Victoria-Beacon Hill,0,0,0,0,0,0,0,0,1,1,stale_record,1
SIM-VR-00791,Morgan,Synthetic,1969,2604 Tillicum Rd,Esquimalt,V9J 7E3,48.40953,-123.426716,Active,Esquimalt-Metchosin,Contact_Centre_Update_2026Q2.csv,2024-12-09,2026-06-04,Esquimalt-Metchosin,0,0,0,0,0,0,0,0,1,1,stale_record,1
SIM-VR-00792,Casey,Practice,1949,745 Pandora Ave,Victoria,V5A 7B0,48.46292,-123.337926,Active,Victoria-Swan Lake,Contact_Centre_Update_2026Q2.csv,2025-04-24,2026-05-30,Victoria-Swan Lake,0,0,0,0,0,0,0,0,1,1,stale_record,1
SIM-VR-00793,Hayden,Example,1981,7189 Bay St,Victoria,V0R 1X2,48.411421,-123.383291,Active,Victoria-Beacon Hill,Federal_Electors_Extract_2026Q2.csv,2026-04-08,2026-06-15,Victoria-Beacon Hill,0,0,0,0,0,0,0,0,0,0,,0
SIM-VR-00794,Jordan,Training,1990,8360 Hillside Ave,Saanich,V9N 7X5,48.501006,-123.343926,Active,Esquimalt-Metchosin,Federal_Electors_Extract_2026Q2.csv,2025-05-31,2026-05-07,Saanich South,0,0,0,0,0,0,0,1,1,2,district_mismatch; stale_record,1
SIM-VR-00795,Reese,Example,1985,9061 Cedar Hill Rd,Oak Bay,V6N 0N7,48.43887,-123.323664,Inactive,Oak Bay-Gordon Head,Federal_Electors_Extract_2026Q2.csv,2024-11-04,2026-04-27,Oak Bay-Gordon Head,0,0,0,0,0,0,0,0,1,1,stale_record,1
SIM-VR-00796,Morgan,Demo,1979,2116 Harbour View Rd,Oak Bay,V6Y 5C1,48.441171,-123.295741,Active,Oak Bay-Gordon Head,Federal_Electors_Extract_2026Q2.csv,2024-10-07,2026-05-10,Oak Bay-Gordon Head,0,0,0,0,0,0,0,0,1,1,stale_record,1
SIM-VR-00797,Quinn,Demo,1991,2685 Hillside Ave,Esquimalt,V5C 1V9,48.428299,-123.442171,Active,Esquimalt-Metchosin,Contact_Centre_Update_2026Q2.csv,2025-10-30,2026-04-26,Esquimalt-Metchosin,0,0,0,0,0,0,0,0,0,0,,0
SIM-VR-00798,Alex,Synthetic,1946,152 Pandora Ave,Esquimalt,V8Y 2P0,48.44053,-123.432798,Active,Esquimalt-Metchosin,ICBC_Address_Update_2026Q2.csv,2025-06-01,2026-06-10,Esquimalt-Metchosin,0,0,0,0,0,0,0,0,1,1,stale_record,1
SIM-VR-00799,Riley,Placeholder,1986,1544 Cook St,Oak Bay,V6H 6V3,48.440031,-123.304672,Active,Oak Bay-Gordon Head,Federal_Electors_Extract_2026Q2.csv,2025-03-22,2026-06-18,Oak Bay-Gordon Head,0,0,0,0,0,0,0,0,1,1,stale_record,1
SIM-VR-00800,Avery,Public,1987,7090 Fort St,Oak Bay,V7H 5P8,48.450547,-123.287389,Active,Oak Bay-Gordon Head,ICBC_Address_Update_2026Q2.csv,2024-10-07,2026-05-11,Oak Bay-Gordon Head,0,1,0,0,0,0,0,0,1,2,duplicate_person_address; stale_record,1
SIM-VR-00801,Jamie,Training,1945,8457 Admirals Rd,Victoria,V5G 6V3,48.450566,-123.345145,Active,Victoria-Swan Lake,VitalStats_Status_Update_2026Q2.csv,2025-10-07,2026-06-19,Victoria-Swan Lake,0,0,0,0,0,0,0,0,0,0,,0
SIM-VR-00802,Casey,Test,1987,752 Bay St,Saanich,V6S 4B5,48.490316,-123.381167,Active,Saanich South,Federal_Electors_Extract_2026Q2.csv,2026-03-03,2026-06-16,Saanich South,0,0,0,0,0,0,0,0,0,0,,0
SIM-VR-00803,Hayden,Example,1993,4542 Bay St,Esquimalt,V3H 0V7,48.445533,-123.423349,Inactive,Esquimalt-Metchosin,ICBC_Address_Update_2026Q2.csv,2025-06-11,2026-05-15,Esquimalt-Metchosin,0,0,0,0,0,0,0,0,1,1,stale_record,1
SIM-VR-00804,Jamie,Placeholder,2004,8952 Cook St,Victoria,V0H 5E3,48.419108,-123.386642,Active,Victoria-Beacon Hill,Contact_Centre_Update_2026Q2.csv,2026-05-28,2026-05-21,Victoria-Beacon Hill,0,0,0,0,0,0,0,0,0,0,,0
SIM-VR-00805,Sam,Placeholder,1954,5357 Pandora Ave,Saanich,V7E 5T3,48.490448,-123.345804,Active,Saanich South,VitalStats_Status_Update_2026Q2.csv,2024-01-13,2026-06-11,Saanich South,0,0,0,0,0,0,0,0,1,1,stale_record,1
SIM-VR-00806,Hayden,Practice,1978,898 Bay St,Victoria,V6S 9A5,,,Active,Victoria-Swan Lake,ICBC_Address_Update_2026Q2.csv,2025-12-09,2026-05-09,,0,0,0,0,1,0,1,0,0,2,missing_location; unmatched_district,1
SIM-VR-00807,Casey,Placeholder,1997,5318 Cedar Hill Rd,Victoria,V6T 2R0,48.413974,-123.363115,Active,Victoria-Beacon Hill,VitalStats_Status_Update_2026Q2.csv,2025-04-03,2026-05-02,Victoria-Beacon Hill,0,0,0,0,0,0,0,0,1,1,stale_record,1
SIM-VR-00808,Quinn,Placeholder,1979,5152 Fort St,Victoria,V7P 0R2,48.415898,-123.387901,Active,Victoria-Beacon Hill,Contact_Centre_Update_2026Q2.csv,2025-06-16,2026-05-31,Victoria-Beacon Hill,0,0,0,0,0,0,0,0,1,1,stale_record,1
SIM-VR-00809,Riley,Training,1999,6343 Tillicum Rd,Esquimalt,V5Y 2V2,49.361134,-122.676061,Active,Esquimalt-Metchosin,Online_Registration_Extract_2026Q2.csv,2024-11-06,2026-06-21,,0,0,0,0,0,1,1,0,1,3,out_of_region; unmatched_district; stale_record,1
SIM-VR-00810,Drew,Public,1987,1032 Cook St,Saanich,V4P 4A7,48.474625,-123.371344,Inactive,Saanich South,Contact_Centre_Update_2026Q2.csv,2026-02-26,2026-06-18,Saanich South,0,0,0,0,0,0,0,0,0,0,,0
SIM-VR-00811,Reese,Practice,1982,1803 Gorge Rd,Victoria,V1E 9Y1,48.419401,-123.372281,Active,Victoria-Beacon Hill,Online_Registration_Extract_2026Q2.csv,2025-07-17,2026-05-14,Victoria-Beacon Hill,0,0,0,0,0,0,0,0,0,0,,0
SIM-VR-00812,Taylor,Example,1964,9210 Shelbourne St,Esquimalt,V5C 1T4,48.43874,-123.400708,Active,Esquimalt-Metchosin,VitalStats_Status_Update_2026Q2.csv,2025-01-15,2026-05-18,Esquimalt-Metchosin,0,0,0,0,0,0,0,0,1,1,stale_record,1
SIM-VR-00813,Sam,Demo,1975,1324 Douglas St,Oak Bay,V1P 7H0,48.454158,-123.302124,Inactive,Oak Bay-Gordon Head,ICBC_Address_Update_2026Q2.csv,2025-07-23,2026-05-04,Oak Bay-Gordon Head,0,0,0,0,0,0,0,0,0,0,,0
SIM-VR-00814,Drew,Public,1989,2530 Harbour View Rd,Saanich,V4Y 2A8,48.493934,-123.365843,Active,Saanich South,Federal_Electors_Extract_2026Q2.csv,2026-02-06,2026-05-31,Saanich South,0,0,0,0,0,0,0,0,0,0,,0
SIM-VR-00815,Rowan,Demo,1988,736 Pandora Ave,Esquimalt,V7J 8S8,48.410454,-123.419369,Active,Esquimalt-Metchosin,Online_Registration_Extract_2026Q2.csv,2025-10-17,2026-05-03,Esquimalt-Metchosin,0,0,0,0,0,0,0,0,0,0,,0
SIM-VR-00816,Hayden,Practice,1989,7298 Cook St,Saanich,V0Y 1T0,48.495806,-123.350081,Active,Saanich South,Contact_Centre_Update_2026Q2.csv,2024-07-28,2026-04-26,Saanich South,0,0,0,0,0,0,0,0,1,1,stale_record,1
SIM-VR-00817,Parker,Mock,1973,1314 Cook St,Victoria,V5N 4G4,48.455664,-123.360694,Active,Victoria-Swan Lake,ICBC_Address_Update_2026Q2.csv,2025-10-07,2026-06-14,Victoria-Swan Lake,0,0,0,0,0,0,0,0,0,0,,0
SIM-VR-00818,Reese,Test,2000,2109 Tillicum Rd,Saanich,V9Y 4P2,48.498586,-123.340248,Active,Saanich South,VitalStats_Status_Update_2026Q2.csv,2026-01-30,2026-05-09,Saanich South,0,0,0,0,0,0,0,0,0,0,,0
SIM-VR-00819,Riley,Test,1966,9860 Bay St,Victoria,V9P 1S0,48.413503,-123.366145,Active,Victoria-Beacon Hill,ICBC_Address_Update_2026Q2.csv,2024-01-30,2026-06-23,Victoria-Beacon Hill,0,0,0,0,0,0,0,0,1,1,stale_record,1
SIM-VR-00820,Rowan,Test,1986,5832 Harbour View Rd,Esquimalt,V3T 7B2,48.427608,-123.442428,Pending Review,Esquimalt-Metchosin,ICBC_Address_Update_2026Q2.csv,2026-02-14,2026-05-10,Esquimalt-Metchosin,0,0,0,0,0,0,0,0,0,0,,1
SIM-VR-00821,Cameron,Test,1974,,Esquimalt,V2H 7C3,48.450692,-123.44053,Active,Esquimalt-Metchosin,Online_Registration_Extract_2026Q2.csv,2024-10-18,2026-05-12,Esquimalt-Metchosin,0,0,1,0,0,0,0,0,1,2,missing_address; stale_record,1
SIM-VR-00822,Morgan,Mock,1993,147 Shelbourne St,Esquimalt,V9H 9J9,48.434355,-123.411474,Pending Review,Victoria-Beacon Hill,VitalStats_Status_Update_2026Q2.csv,2025-01-09,2026-05-27,Esquimalt-Metchosin,0,0,0,0,0,0,0,1,1,2,district_mismatch; stale_record,1
SIM-VR-00823,Taylor,Practice,1988,8514 Gorge Rd,Oak Bay,V3A 7B8,48.47196,-123.320992,Active,Oak Bay-Gordon Head,ICBC_Address_Update_2026Q2.csv,2025-01-09,2026-06-03,Oak Bay-Gordon Head,0,0,0,0,0,0,0,0,1,1,stale_record,1
SIM-VR-00824,Reese,Example,1958,1205 Pandora Ave,Esquimalt,V4X 5E5,48.41067,-123.452929,Active,Esquimalt-Metchosin,Online_Registration_Extract_2026Q2.csv,2024-07-21,2026-06-07,Esquimalt-Metchosin,0,0,0,0,0,0,0,0,1,1,stale_record,1
SIM-VR-00825,Sam,Sample,1946,8650 Cook St,Victoria,V0Y 2N2,48.418441,-123.35779,Active,Victoria-Beacon Hill,VitalStats_Status_Update_2026Q2.csv,2025-09-29,2026-06-17,Victoria-Beacon Hill,0,0,0,0,0,0,0,0,0,0,,0
SIM-VR-00826,Cameron,Mock,1968,9616 Shelbourne St,Victoria,V9X 8N4,48.415231,-123.363519,Active,Victoria-Beacon Hill,VitalStats_Status_Update_2026Q2.csv,2025-06-02,2026-06-03,Victoria-Beacon Hill,0,0,0,0,0,0,0,0,1,1,stale_record,1
SIM-VR-00827,Morgan,Example,2008,3390 Douglas St,Victoria,V5H 6C9,48.40978,-123.360666,Active,Victoria-Beacon Hill,Online_Registration_Extract_2026Q2.csv,2024-07-12,2026-05-30,Victoria-Beacon Hill,0,0,0,0,0,0,0,0,1,1,stale_record,1
SIM-VR-00828,Taylor,Mock,1964,4949 Cook St,Saanich,V3R 1X0,48.495381,-123.372366,Active,Saanich South,Federal_Electors_Extract_2026Q2.csv,2026-01-15,2026-05-11,Saanich South,0,0,0,0,0,0,0,0,0,0,,0
SIM-VR-00829,Rowan,Example,1955,127 Harbour View Rd,Victoria,V3P 7J8,48.441954,-123.35814,Active,Victoria-Swan Lake,Online_Registration_Extract_2026Q2.csv,2024-09-15,2026-06-19,Victoria-Swan Lake,0,0,0,0,0,0,0,0,1,1,stale_record,1
SIM-VR-00830,Reese,Example,1965,5901 Gorge Rd,Esquimalt,V0S 1T3,48.43709,-123.441012,Active,Esquimalt-Metchosin,VitalStats_Status_Update_2026Q2.csv,2025-03-20,2026-05-19,Esquimalt-Metchosin,0,0,0,0,0,0,0,0,1,1,stale_record,1
SIM-VR-00831,Jordan,Placeholder,2007,8815 Shelbourne St,Victoria,V9P 5J6,48.449091,-123.357284,Active,Victoria-Swan Lake,VitalStats_Status_Update_2026Q2.csv,2026-01-14,2026-06-01,Victoria-Swan Lake,0,0,0,0,0,0,0,0,0,0,,0
SIM-VR-00832,Riley,Example,1982,2899 Hillside Ave,Victoria,V0E 5N4,48.407499,-123.374456,Active,Victoria-Beacon Hill,Online_Registration_Extract_2026Q2.csv,2025-02-15,2026-05-21,Victoria-Beacon Hill,0,0,0,0,0,0,0,0,1,1,stale_record,1
SIM-VR-00833,Sam,Placeholder,1973,9718 Pandora Ave,Oak Bay,,48.42809,-123.31929,Active,Oak Bay-Gordon Head,Contact_Centre_Update_2026Q2.csv,2024-12-08,2026-06-04,Oak Bay-Gordon Head,0,0,0,1,0,0,0,0,1,2,invalid_postal_code; stale_record,1
SIM-VR-00834,Hayden,Mock,1950,9382 Hillside Ave,Victoria,,48.416378,-123.368857,Active,Victoria-Beacon Hill,VitalStats_Status_Update_2026Q2.csv,2025-12-13,2026-05-21,Victoria-Beacon Hill,0,0,0,1,0,0,0,0,0,1,invalid_postal_code,1
SIM-VR-00835,Casey,Example,1991,2765 Tillicum Rd,Esquimalt,V8T 2Y1,48.425145,-123.415091,Active,Oak Bay-Gordon Head,VitalStats_Status_Update_2026Q2.csv,2025-09-23,2026-06-14,Esquimalt-Metchosin,0,0,0,0,0,0,0,1,0,1,district_mismatch,1
SIM-VR-00836,Jordan,Example,1989,6984 Gorge Rd,Victoria,V1C 3Y2,48.411489,-123.39058,Active,Victoria-Beacon Hill,ICBC_Address_Update_2026Q2.csv,2026-04-30,2026-06-24,Victoria-Beacon Hill,0,0,0,0,0,0,0,0,0,0,,0
SIM-VR-00837,Jamie,Demo,1962,9566 Shelbourne St,Victoria,V7A 5A7,48.419437,-123.372295,Active,Victoria-Beacon Hill,Federal_Electors_Extract_2026Q2.csv,2026-03-21,2026-05-14,Victoria-Beacon Hill,0,0,0,0,0,0,0,0,0,0,,0
SIM-VR-00838,Avery,Demo,1953,1989 Cook St,Oak Bay,V2C 8J4,48.442355,-123.332985,Active,Oak Bay-Gordon Head,ICBC_Address_Update_2026Q2.csv,2025-07-30,2026-06-10,Oak Bay-Gordon Head,0,0,0,0,0,0,0,0,0,0,,0
SIM-VR-00839,Alex,Mock,1947,2356 Admirals Rd,Victoria,V9E 8T9,48.416065,-123.370244,Active,Victoria-Beacon Hill,Federal_Electors_Extract_2026Q2.csv,2025-01-04,2026-06-09,Victoria-Beacon Hill,0,0,0,0,0,0,0,0,1,1,stale_record,1
SIM-VR-00840,Casey,Practice,1984,8842 Fort St,Saanich,V2R 7P2,48.484988,-123.364484,Pending Review,Saanich South,Contact_Centre_Update_2026Q2.csv,2025-11-07,2026-05-22,Saanich South,0,0,0,0,0,0,0,0,0,0,,1
SIM-VR-00841,Sam,Public,1989,9054 Cook St,Victoria,V1S 0X9,48.442953,-123.338085,Active,Victoria-Swan Lake,Online_Registration_Extract_2026Q2.csv,2024-11-14,2026-05-02,Victoria-Swan Lake,0,0,0,0,0,0,0,0,1,1,stale_record,1
SIM-VR-00842,Drew,Example,1950,8695 Cook St,Oak Bay,V9S 2X7,48.465342,-123.293205,Inactive,Oak Bay-Gordon Head,Federal_Electors_Extract_2026Q2.csv,2026-04-22,2026-06-25,Oak Bay-Gordon Head,0,0,0,0,0,0,0,0,0,0,,0
SIM-VR-00843,Jordan,Practice,1947,,Victoria,V7E 1X3,48.445897,-123.35299,Active,Victoria-Swan Lake,Federal_Electors_Extract_2026Q2.csv,2025-08-12,2026-06-17,Victoria-Swan Lake,0,0,1,0,0,0,0,0,0,1,missing_address,1
SIM-VR-00844,Jamie,Demo,1981,2600 Douglas St,Oak Bay,V7J 9X2,48.444147,-123.319726,Active,Oak Bay-Gordon Head,Contact_Centre_Update_2026Q2.csv,2025-07-12,2026-05-09,Oak Bay-Gordon Head,0,0,0,0,0,0,0,0,0,0,,0
SIM-VR-00845,Riley,Placeholder,1963,4801 Hillside Ave,Victoria,V9X 2G5,48.421507,-123.392152,Active,Victoria-Beacon Hill,Contact_Centre_Update_2026Q2.csv,2024-12-27,2026-05-26,Victoria-Beacon Hill,0,0,0,0,0,0,0,0,1,1,stale_record,1
SIM-VR-00846,Drew,Example,1997,6055 Cedar Hill Rd,Saanich,V2X 4P5,48.495407,-123.338156,Active,Saanich South,VitalStats_Status_Update_2026Q2.csv,2024-11-27,2026-06-14,Saanich South,0,0,0,0,0,0,0,0,1,1,stale_record,1
SIM-VR-00847,Avery,Sample,1959,1404 Admirals Rd,Victoria,V6V 4P9,48.456394,-123.384873,Active,Victoria-Swan Lake,Contact_Centre_Update_2026Q2.csv,2024-11-15,2026-06-12,Victoria-Swan Lake,0,0,0,0,0,0,0,0,1,1,stale_record,1
SIM-VR-00848,Jamie,Mock,2005,9712 Cedar Hill Rd,Victoria,V0V 2T4,48.448057,-123.369367,Active,Victoria-Swan Lake,VitalStats_Status_Update_2026Q2.csv,2025-03-29,2026-06-18,Victoria-Swan Lake,0,0,0,0,0,0,0,0,1,1,stale_record,1
SIM-VR-00849,Reese,Example,1992,669 Bay St,Victoria,V5C 7P0,48.454355,-123.38312,Pending Review,Victoria-Swan Lake,ICBC_Address_Update_2026Q2.csv,2026-06-18,2026-05-27,Victoria-Swan Lake,0,0,0,0,0,0,0,0,0,0,,1
SIM-VR-00850,Sam,Placeholder,1985,5337 Fort St,Victoria,V0B 7J7,48.449665,-123.37234,Active,Victoria-Swan Lake,Federal_Electors_Extract_2026Q2.csv,2025-02-22,2026-05-30,Victoria-Swan Lake,0,0,0,0,0,0,0,0,1,1,stale_record,1
SIM-VR-00851,Casey,Sample,1998,8203 Hillside Ave,Victoria,V6T 0J3,,,Pending Review,Victoria-Beacon Hill,Contact_Centre_Update_2026Q2.csv,2025-06-16,2026-06-18,,0,0,0,0,1,0,1,0,1,3,missing_location; unmatched_district; stale_record,1
SIM-VR-00852,Hayden,Placeholder,1983,4239 Pandora Ave,Esquimalt,V5G 5N2,48.447817,-123.425706,Active,Esquimalt-Metchosin,Federal_Electors_Extract_2026Q2.csv,2025-05-25,2026-04-30,Esquimalt-Metchosin,0,0,0,0,0,0,0,0,1,1,stale_record,1
SIM-VR-00853,Drew,Mock,1989,3513 Hillside Ave,Saanich,V2P 3Y6,48.499277,-123.3454,Inactive,Saanich South,Contact_Centre_Update_2026Q2.csv,2025-05-20,2026-05-27,Saanich South,0,0,0,0,0,0,0,0,1,1,stale_record,1
SIM-VR-00854,Morgan,Mock,1947,7282 Harbour View Rd,Victoria,V5R 3R3,48.412869,-123.391633,Pending Review,Saanich South,Contact_Centre_Update_2026Q2.csv,2025-03-07,2026-06-21,Victoria-Beacon Hill,0,0,0,0,0,0,0,1,1,2,district_mismatch; stale_record,1
SIM-VR-00855,Parker,Example,1957,5287 Bay St,Saanich,V3S 6V3,48.484179,-123.355889,Active,Saanich South,Contact_Centre_Update_2026Q2.csv,2025-12-06,2026-04-28,Saanich South,0,0,0,0,0,0,0,0,0,0,,0
SIM-VR-00856,Alex,Training,1954,8003 Admirals Rd,Oak Bay,V2E 9R5,48.433004,-123.331925,Active,Oak Bay-Gordon Head,Online_Registration_Extract_2026Q2.csv,2025-08-27,2026-06-22,Oak Bay-Gordon Head,0,0,0,0,0,0,0,0,0,0,,0
SIM-VR-00857,Cameron,Sample,2004,9967 Fort St,Saanich,V5R 9T0,48.493717,-123.376567,Active,Saanich South,VitalStats_Status_Update_2026Q2.csv,2026-04-15,2026-06-18,Saanich South,0,0,0,0,0,0,0,0,0,0,,0
SIM-VR-00858,Alex,Mock,1996,543 Hillside Ave,Saanich,V5R 2H9,48.494799,-123.34281,Pending Review,Saanich South,Contact_Centre_Update_2026Q2.csv,2025-06-17,2026-05-10,Saanich South,0,0,0,0,0,0,0,0,1,1,stale_record,1
SIM-VR-00859,Quinn,Sample,1987,6802 Gorge Rd,Oak Bay,V2A 5R0,48.468229,-123.313585,Active,Oak Bay-Gordon Head,Contact_Centre_Update_2026Q2.csv,2026-03-04,2026-05-14,Oak Bay-Gordon Head,0,0,0,0,0,0,0,0,0,0,,0
SIM-VR-00860,Reese,Synthetic,1964,3555 Shelbourne St,Esquimalt,V0Y 4B8,48.45193,-123.414986,Active,Esquimalt-Metchosin,Federal_Electors_Extract_2026Q2.csv,2025-12-06,2026-05-11,Esquimalt-Metchosin,0,0,0,0,0,0,0,0,0,0,,0
SIM-VR-00861,Cameron,Demo,1976,763 Hillside Ave,Oak Bay,V8R 1V0,48.467609,-123.328236,Active,Oak Bay-Gordon Head,Online_Registration_Extract_2026Q2.csv,2024-12-28,2026-05-24,Oak Bay-Gordon Head,0,0,0,0,0,0,0,0,1,1,stale_record,1
SIM-VR-00862,Morgan,Public,1971,,Victoria,V6G 7H0,48.44204,-123.373803,Pending Review,Victoria-Swan Lake,Federal_Electors_Extract_2026Q2.csv,2024-10-01,2026-06-08,Victoria-Swan Lake,0,0,1,0,0,0,0,0,1,2,missing_address; stale_record,1
SIM-VR-00863,Sam,Demo,1945,2162 Hillside Ave,Victoria,V6P 0N5,48.415786,-123.359025,Active,Oak Bay-Gordon Head,ICBC_Address_Update_2026Q2.csv,2024-07-06,2026-06-02,Victoria-Beacon Hill,0,0,0,0,0,0,0,1,1,2,district_mismatch; stale_record,1
SIM-VR-00864,Riley,Mock,1972,176 Tillicum Rd,Saanich,V4E 7A1,48.467721,-123.341175,Active,Saanich South,ICBC_Address_Update_2026Q2.csv,2024-10-23,2026-05-28,Saanich South,0,0,0,0,0,0,0,0,1,1,stale_record,1
SIM-VR-00865,Rowan,Synthetic,1974,8052 Douglas St,Esquimalt,V1N 7J1,48.421127,-123.439187,Active,Esquimalt-Metchosin,Contact_Centre_Update_2026Q2.csv,2025-09-29,2026-05-17,Esquimalt-Metchosin,0,0,0,0,0,0,0,0,0,0,,0
SIM-VR-00866,Casey,Mock,1966,4231 Harbour View Rd,Esquimalt,V7A 9S9,48.417303,-123.441587,Active,Esquimalt-Metchosin,VitalStats_Status_Update_2026Q2.csv,2024-11-19,2026-05-09,Esquimalt-Metchosin,0,0,0,0,0,0,0,0,1,1,stale_record,1
SIM-VR-00867,Cameron,Placeholder,1993,1106 Admirals Rd,Esquimalt,V9A 4E6,48.440637,-123.416008,Active,Esquimalt-Metchosin,Online_Registration_Extract_2026Q2.csv,2026-02-24,2026-05-01,Esquimalt-Metchosin,0,0,0,0,0,0,0,0,0,0,,0
SIM-VR-00868,Alex,Training,1944,6003 Gorge Rd,Oak Bay,V9R 3R7,48.440758,-123.330686,Active,Oak Bay-Gordon Head,Federal_Electors_Extract_2026Q2.csv,2025-06-20,2026-05-19,Oak Bay-Gordon Head,0,0,0,0,0,0,0,0,1,1,stale_record,1
SIM-VR-00869,Parker,Synthetic,1979,1862 Cedar Hill Rd,Victoria,V1B 8X3,48.458809,-123.373704,Active,Victoria-Swan Lake,ICBC_Address_Update_2026Q2.csv,2024-09-27,2026-06-17,Victoria-Swan Lake,0,0,0,0,0,0,0,0,1,1,stale_record,1
SIM-VR-00870,Sam,Demo,1948,,Saanich,VVV 999,48.501662,-123.390259,Active,Saanich South,Contact_Centre_Update_2026Q2.csv,2024-08-31,2026-06-22,Saanich South,0,0,1,1,0,0,0,0,1,3,missing_address; invalid_postal_code; stale_record,1
SIM-VR-00871,Alex,Demo,1997,3168 Harbour View Rd,Victoria,V5E 0T6,48.462119,-123.387397,Active,Victoria-Swan Lake,Federal_Electors_Extract_2026Q2.csv,2025-08-30,2026-06-16,Victoria-Swan Lake,0,0,0,0,0,0,0,0,0,0,,0
SIM-VR-00872,Drew,Synthetic,1998,1235 Gorge Rd,Esquimalt,V1V 6P2,48.420606,-123.426493,Active,Esquimalt-Metchosin,Online_Registration_Extract_2026Q2.csv,2026-05-07,2026-05-24,Esquimalt-Metchosin,0,0,0,0,0,0,0,0,0,0,,0
SIM-VR-00873,Rowan,Mock,1995,6983 Bay St,Victoria,V1B 7P2,48.420922,-123.392499,Active,Victoria-Beacon Hill,Federal_Electors_Extract_2026Q2.csv,2024-11-28,2026-04-29,Victoria-Beacon Hill,0,0,0,0,0,0,0,0,1,1,stale_record,1
SIM-VR-00874,Casey,Mock,1972,1252 Hillside Ave,Esquimalt,V0G 5N0,48.414483,-123.42635,Active,Esquimalt-Metchosin,ICBC_Address_Update_2026Q2.csv,2026-06-18,2026-05-28,Esquimalt-Metchosin,0,0,0,0,0,0,0,0,0,0,,0
SIM-VR-00875,Rowan,Training,1948,3679 Harbour View Rd,Saanich,V0S 9Y6,48.484542,-123.355507,Active,Victoria-Beacon Hill,ICBC_Address_Update_2026Q2.csv,2025-03-03,2026-05-06,Saanich South,0,0,0,0,0,0,0,1,1,2,district_mismatch; stale_record,1
SIM-VR-00876,Reese,Placeholder,1952,5607 Gorge Rd,Oak Bay,V6J 6H1,48.428383,-123.308048,Active,Oak Bay-Gordon Head,Federal_Electors_Extract_2026Q2.csv,2024-09-28,2026-06-04,Oak Bay-Gordon Head,0,0,0,0,0,0,0,0,1,1,stale_record,1
SIM-VR-00877,Cameron,Test,1996,4070 Douglas St,Esquimalt,V5H 7J3,48.409091,-123.423968,Inactive,Victoria-Swan Lake,Federal_Electors_Extract_2026Q2.csv,2026-03-03,2026-06-09,Esquimalt-Metchosin,0,0,0,0,0,0,0,1,0,1,district_mismatch,1
SIM-VR-00878,Jamie,Mock,1989,1850 Bay St,Esquimalt,V5R 0S0,48.428698,-123.427647,Active,Esquimalt-Metchosin,Contact_Centre_Update_2026Q2.csv,2025-03-30,2026-04-26,Esquimalt-Metchosin,0,0,0,0,0,0,0,0,1,1,stale_record,1
SIM-VR-00879,Sam,Placeholder,1960,5132 Gorge Rd,Victoria,V3H 9T4,48.444291,-123.383894,Active,Victoria-Swan Lake,VitalStats_Status_Update_2026Q2.csv,2026-03-24,2026-06-24,Victoria-Swan Lake,0,0,0,0,0,0,0,0,0,0,,0
SIM-VR-00880,Avery,Training,1942,5505 Pandora Ave,Victoria,V7N 0R9,48.41304,-123.380742,Active,Victoria-Beacon Hill,Contact_Centre_Update_2026Q2.csv,2025-07-24,2026-06-03,Victoria-Beacon Hill,0,0,0,0,0,0,0,0,0,0,,0
SIM-VR-00881,Morgan,Demo,1943,8389 Douglas St,Victoria,V5T 3N4,48.451757,-123.38908,Active,Oak Bay-Gordon Head,Federal_Electors_Extract_2026Q2.csv,2025-03-22,2026-06-17,Victoria-Swan Lake,0,1,0,0,0,0,0,1,1,3,duplicate_person_address; district_mismatch; stale_record,1
SIM-VR-00882,Rowan,Public,1949,5323 Tillicum Rd,Saanich,V8Z4,48.481492,-123.368557,Active,Saanich South,Contact_Centre_Update_2026Q2.csv,2025-05-13,2026-05-30,Saanich South,0,0,0,1,0,0,0,0,1,2,invalid_postal_code; stale_record,1
SIM-VR-00883,Jamie,Placeholder,1984,3416 Gorge Rd,Esquimalt,V0H 3G6,,,Active,Esquimalt-Metchosin,ICBC_Address_Update_2026Q2.csv,2026-05-27,2026-06-07,,0,0,0,0,1,0,1,0,0,2,missing_location; unmatched_district,1
SIM-VR-00884,Drew,Sample,1990,9151 Shelbourne St,Victoria,V8N 1B8,48.411347,-123.368684,Active,Victoria-Beacon Hill,Contact_Centre_Update_2026Q2.csv,2026-04-18,2026-05-06,Victoria-Beacon Hill,0,0,0,0,0,0,0,0,0,0,,0
SIM-VR-00885,Reese,Mock,1993,4343 Fort St,Saanich,V7A 1J3,48.487878,-123.341807,Active,Saanich South,Online_Registration_Extract_2026Q2.csv,2025-04-16,2026-04-29,Saanich South,0,0,0,0,0,0,0,0,1,1,stale_record,1
SIM-VR-00886,Quinn,Placeholder,1989,4748 Bay St,Esquimalt,V0G 4V1,48.420087,-123.422685,Active,Esquimalt-Metchosin,Federal_Electors_Extract_2026Q2.csv,2025-12-09,2026-04-30,Esquimalt-Metchosin,0,0,0,0,0,0,0,0,0,0,,0
SIM-VR-00887,Cameron,Public,1962,6218 Bay St,Victoria,V8T 5J9,48.435385,-123.387549,Active,Victoria-Swan Lake,VitalStats_Status_Update_2026Q2.csv,2024-10-07,2026-04-29,Victoria-Swan Lake,0,0,0,0,0,0,0,0,1,1,stale_record,1
SIM-VR-00888,Hayden,Training,1964,2196 Cedar Hill Rd,Oak Bay,V6J 1N1,48.453541,-123.295525,Pending Review,Oak Bay-Gordon Head,VitalStats_Status_Update_2026Q2.csv,2025-06-02,2026-05-11,Oak Bay-Gordon Head,0,0,0,0,0,0,0,0,1,1,stale_record,1
SIM-VR-00889,Parker,Practice,1979,9823 Tillicum Rd,Victoria,V3R 3C1,48.409103,-123.388671,Active,Victoria-Beacon Hill,Contact_Centre_Update_2026Q2.csv,2025-10-18,2026-06-08,Victoria-Beacon Hill,0,0,0,0,0,0,0,0,0,0,,0
SIM-VR-00890,Reese,Public,1996,2432 Pandora Ave,Victoria,VVV 999,49.27164,-122.859355,Active,Victoria-Swan Lake,VitalStats_Status_Update_2026Q2.csv,2025-02-27,2026-05-28,,0,0,0,1,0,1,1,0,1,4,invalid_postal_code; out_of_region; unmatched_district; stale_record,1
SIM-VR-00891,Reese,Training,1944,6657 Tillicum Rd,Victoria,V4Y 1H1,48.448667,-123.384247,Active,Oak Bay-Gordon Head,ICBC_Address_Update_2026Q2.csv,2025-09-01,2026-05-05,Victoria-Swan Lake,0,0,0,0,0,0,0,1,0,1,district_mismatch,1
SIM-VR-00892,Cameron,Training,1956,2183 Tillicum Rd,Esquimalt,V8V 7B8,48.408891,-123.409599,Active,Esquimalt-Metchosin,Online_Registration_Extract_2026Q2.csv,2025-08-03,2026-06-22,Esquimalt-Metchosin,0,0,0,0,0,0,0,0,0,0,,0
SIM-VR-00893,Quinn,Training,1977,2368 Admirals Rd,Saanich,V2R 3J6,48.469797,-123.343745,Active,Saanich South,Contact_Centre_Update_2026Q2.csv,2025-08-02,2026-05-04,Saanich South,0,0,0,0,0,0,0,0,0,0,,0
SIM-VR-00894,Cameron,Sample,2004,2707 Gorge Rd,Victoria,V3H 4C2,48.425291,-123.362676,Active,Victoria-Beacon Hill,VitalStats_Status_Update_2026Q2.csv,2025-06-08,2026-04-29,Victoria-Beacon Hill,0,0,0,0,0,0,0,0,1,1,stale_record,1
SIM-VR-00895,Reese,Sample,1948,6268 Fort St,Esquimalt,V6R 2B4,48.433243,-123.442695,Pending Review,Esquimalt-Metchosin,VitalStats_Status_Update_2026Q2.csv,2025-11-08,2026-05-10,Esquimalt-Metchosin,0,0,0,0,0,0,0,0,0,0,,1
SIM-VR-00896,Sam,Demo,1999,8507 Douglas St,Victoria,V9A 6A3,48.446331,-123.35447,Active,Victoria-Swan Lake,Online_Registration_Extract_2026Q2.csv,2025-06-19,2026-06-09,Victoria-Swan Lake,0,0,0,0,0,0,0,0,1,1,stale_record,1
SIM-VR-00897,Casey,Mock,1951,4947 Fort St,Oak Bay,V1T 9J2,48.457772,-123.298072,Inactive,Oak Bay-Gordon Head,Federal_Electors_Extract_2026Q2.csv,2024-08-22,2026-05-31,Oak Bay-Gordon Head,0,0,0,0,0,0,0,0,1,1,stale_record,1
SIM-VR-00898,Riley,Placeholder,1985,2110 Gorge Rd,Saanich,V6J 9N1,48.486531,-123.344362,Active,Saanich South,Contact_Centre_Update_2026Q2.csv,2026-05-21,2026-05-24,Saanich South,0,0,0,0,0,0,0,0,0,0,,0
SIM-VR-00899,Morgan,Sample,2006,8092 Tillicum Rd,Saanich,V8V 7T6,48.473463,-123.366193,Active,Saanich South,VitalStats_Status_Update_2026Q2.csv,2024-08-03,2026-05-17,Saanich South,0,0,0,0,0,0,0,0,1,1,stale_record,1
SIM-VR-00900,Hayden,Demo,1972,3991 Shelbourne St,Saanich,V9X 3S7,48.494958,-123.360357,Active,Saanich South,Online_Registration_Extract_2026Q2.csv,2026-04-26,2026-05-20,Saanich South,0,0,0,0,0,0,0,0,0,0,,0
SIM-VR-00638,Taylor,Mock,2006,875 Cook St,Saanich,V1P 9E5,48.476354,-123.352902,Active,Saanich South,Contact_Centre_Update_2026Q2.csv,2024-09-05,2026-06-25,Saanich South,1,1,0,0,0,0,0,0,1,3,duplicate_id; duplicate_person_address; stale_record,1
SIM-VR-00091,Parker,Public,1975,2809 Fort St,Oak Bay,V9H 0B2,48.425921,-123.319152,Active,Oak Bay-Gordon Head,Online_Registration_Extract_2026Q2.csv,2025-04-21,2026-06-19,Oak Bay-Gordon Head,1,1,0,0,0,0,0,0,1,3,duplicate_id; duplicate_person_address; stale_record,1
SIM-VR-00404,Alex,Mock,1962,9679 Douglas St,Victoria,V8H 5V5,48.460003,-123.384718,Active,Victoria-Swan Lake,Online_Registration_Extract_2026Q2.csv,2026-06-07,2026-06-20,Victoria-Swan Lake,1,1,0,0,0,0,0,0,0,2,duplicate_id; duplicate_person_address,1
SIM-VR-00396,Alex,Training,1976,2881 Harbour View Rd,Saanich,V9Y 5A4,48.500298,-123.361595,Active,Saanich South,Online_Registration_Extract_2026Q2.csv,2026-03-04,2026-06-06,Saanich South,1,1,0,0,0,0,0,0,0,2,duplicate_id; duplicate_person_address,1
SIM-VR-00536,Avery,Test,1975,8034 Gorge Rd,Oak Bay,V4G 9E9,48.462442,-123.311846,Active,Oak Bay-Gordon Head,Contact_Centre_Update_2026Q2.csv,2024-07-19,2026-06-06,Oak Bay-Gordon Head,1,1,0,0,0,0,0,0,1,3,duplicate_id; duplicate_person_address; stale_record,1
SIM-VR-00083,Sam,Example,1995,103 Fort St,Victoria,V8G 9C5,48.411076,-123.391223,Pending Review,Saanich South,VitalStats_Status_Update_2026Q2.csv,2025-08-13,2026-06-08,Victoria-Beacon Hill,1,1,0,0,0,0,0,1,0,3,duplicate_id; duplicate_person_address; district_mismatch,1
SIM-VR-00043,Hayden,Example,1959,1899 Cedar Hill Rd,Victoria,V0G 8S0,48.439705,-123.347656,Active,Victoria-Swan Lake,ICBC_Address_Update_2026Q2.csv,2025-10-14,2026-05-26,Victoria-Swan Lake,1,1,0,0,0,0,0,0,0,2,duplicate_id; duplicate_person_address,1
SIM-VR-00703,Quinn,Demo,2000,6531 Douglas St,Oak Bay,V1N 0B0,48.430723,-123.287909,Active,Oak Bay-Gordon Head,Contact_Centre_Update_2026Q2.csv,2026-06-06,2026-06-10,Oak Bay-Gordon Head,1,1,0,0,0,0,0,0,0,2,duplicate_id; duplicate_person_address,1
SIM-VR-00739,Riley,Example,1944,8604 Gorge Rd,Victoria,V8G 7R9,48.42033,-123.359274,Active,Victoria-Beacon Hill,Contact_Centre_Update_2026Q2.csv,2026-04-24,2026-06-21,Victoria-Beacon Hill,1,1,0,0,0,0,0,0,0,2,duplicate_id; duplicate_person_address,1
SIM-VR-00210,Rowan,Mock,2007,6292 Admirals Rd,Victoria,V7G 1R3,48.442937,-123.377562,Active,Victoria-Swan Lake,VitalStats_Status_Update_2026Q2.csv,2025-03-04,2026-06-24,Victoria-Swan Lake,1,1,0,0,0,0,0,0,1,3,duplicate_id; duplicate_person_address; stale_record,1
SIM-VR-00504,Rowan,Training,1960,8167 Bay St,Oak Bay,V5E 2X2,48.462117,-123.308156,Active,Oak Bay-Gordon Head,Contact_Centre_Update_2026Q2.csv,2026-01-14,2026-06-23,Oak Bay-Gordon Head,1,1,0,0,0,0,0,0,0,2,duplicate_id; duplicate_person_address,1
SIM-VR-00576,Quinn,Example,1957,9820 Cook St,Esquimalt,V3A 3Y7,48.417283,-123.446786,Active,Esquimalt-Metchosin,ICBC_Address_Update_2026Q2.csv,2026-04-20,2026-06-01,Esquimalt-Metchosin,1,1,0,0,0,0,0,0,0,2,duplicate_id; duplicate_person_address,1
SIM-VR-00477,Casey,Example,1994,754 Fort St,Victoria,V2V 5P0,48.428432,-123.389577,Active,Victoria-Beacon Hill,ICBC_Address_Update_2026Q2.csv,2025-06-09,2026-06-14,Victoria-Beacon Hill,1,1,0,0,0,0,0,0,1,3,duplicate_id; duplicate_person_address; stale_record,1
SIM-VR-00247,Jamie,Placeholder,1942,8438 Fort St,Saanich,V7T 7J3,48.487392,-123.373233,Active,Saanich South,Contact_Centre_Update_2026Q2.csv,2025-01-08,2026-05-31,Saanich South,1,1,0,0,0,0,0,0,1,3,duplicate_id; duplicate_person_address; stale_record,1
SIM-VR-00671,Parker,Placeholder,1983,2030 Fort St,Esquimalt,V6B 8S0,48.412744,-123.438411,Active,Esquimalt-Metchosin,Contact_Centre_Update_2026Q2.csv,2026-05-05,2026-06-12,Esquimalt-Metchosin,1,1,0,0,0,0,0,0,0,2,duplicate_id; duplicate_person_address,1
SIM-VR-00551,Jordan,Practice,1980,9729 Admirals Rd,Saanich,V5E 7S1,48.484614,-123.364977,Active,Saanich South,Contact_Centre_Update_2026Q2.csv,2025-08-06,2026-06-18,Saanich South,1,1,0,0,0,0,0,0,0,2,duplicate_id; duplicate_person_address,1
SIM-VR-00418,Rowan,Mock,1987,743 Cook St,Esquimalt,V6N 2C2,48.442674,-123.437774,Inactive,Esquimalt-Metchosin,VitalStats_Status_Update_2026Q2.csv,2025-03-06,2026-06-09,Esquimalt-Metchosin,1,1,0,0,0,0,0,0,1,3,duplicate_id; duplicate_person_address; stale_record,1
SIM-VR-00493,Hayden,Practice,1942,8300 Cedar Hill Rd,Esquimalt,V6S 0V0,48.435738,-123.408381,Active,Esquimalt-Metchosin,ICBC_Address_Update_2026Q2.csv,2026-04-02,2026-06-11,Esquimalt-Metchosin,1,1,0,0,0,0,0,0,0,2,duplicate_id; duplicate_person_address,1
SIM-VR-00901,Morgan,Practice,1989,2656 Pandora Ave,Oak Bay,V9J 5J1,48.422515,-123.329262,Active,Oak Bay-Gordon Head,Online_Registration_Extract_2026Q2.csv,2025-08-22,2026-06-21,Oak Bay-Gordon Head,0,1,0,0,0,0,0,0,0,1,duplicate_person_address,1
SIM-VR-00902,Casey,Practice,1974,6097 Douglas St,Victoria,V9G 5C1,48.441428,-123.346341,Active,Victoria-Swan Lake,VitalStats_Status_Update_2026Q2.csv,2026-03-02,2026-06-17,Victoria-Swan Lake,0,1,0,0,0,0,0,0,0,1,duplicate_person_address,1
SIM-VR-00903,Cameron,Public,2001,5913 Tillicum Rd,Saanich,V4P 7R2,48.482506,-123.379579,Active,Saanich South,VitalStats_Status_Update_2026Q2.csv,2025-07-01,2026-06-23,Saanich South,0,1,0,0,0,0,0,0,0,1,duplicate_person_address,1
SIM-VR-00904,Riley,Example,1954,5844 Bay St,Victoria,V1H 3H8,48.445291,-123.381011,Active,Victoria-Swan Lake,Online_Registration_Extract_2026Q2.csv,2025-05-28,2026-06-13,Victoria-Swan Lake,0,1,0,0,0,0,0,0,1,2,duplicate_person_address; stale_record,1
SIM-VR-00905,Morgan,Public,1977,9534 Pandora Ave,Esquimalt,V9G 4X4,,,Active,Esquimalt-Metchosin,ICBC_Address_Update_2026Q2.csv,2024-09-20,2026-05-26,,0,1,0,0,1,0,1,0,1,4,duplicate_person_address; missing_location; unmatched_district; stale_record,1
SIM-VR-00906,Jamie,Placeholder,1944,7735 Tillicum Rd,Esquimalt,V1Y 4G0,48.436248,-123.410009,Active,Esquimalt-Metchosin,VitalStats_Status_Update_2026Q2.csv,2025-04-05,2026-06-19,Esquimalt-Metchosin,0,1,0,0,0,0,0,0,1,2,duplicate_person_address; stale_record,1
SIM-VR-00907,Jordan,Placeholder,1991,,Victoria,V6G 8X5,48.41199,-123.364295,Active,Victoria-Beacon Hill,Federal_Electors_Extract_2026Q2.csv,2024-09-18,2026-06-09,Victoria-Beacon Hill,0,0,1,0,0,0,0,0,1,2,missing_address; stale_record,1
SIM-VR-00908,Quinn,Practice,1965,2001 Shelbourne St,Oak Bay,V4B 7H5,48.458528,-123.327944,Active,Oak Bay-Gordon Head,VitalStats_Status_Update_2026Q2.csv,2025-10-31,2026-05-28,Oak Bay-Gordon Head,0,1,0,0,0,0,0,0,0,1,duplicate_person_address,1
SIM-VR-00909,Quinn,Example,1957,9820 Cook St,Esquimalt,V3A 3Y7,48.417283,-123.446786,Active,Esquimalt-Metchosin,Contact_Centre_Update_2026Q2.csv,2026-04-20,2026-06-23,Esquimalt-Metchosin,0,1,0,0,0,0,0,0,0,1,duplicate_person_address,1
SIM-VR-00910,Jordan,Test,1963,9169 Bay St,Victoria,V4A 7N4,48.424283,-123.358248,Active,Victoria-Beacon Hill,ICBC_Address_Update_2026Q2.csv,2024-11-21,2026-05-28,Victoria-Beacon Hill,0,1,0,0,0,0,0,0,1,2,duplicate_person_address; stale_record,1
SIM-VR-00911,Avery,Test,1988,7403 Cedar Hill Rd,Victoria,V3V 8T7,48.435385,-123.362479,Pending Review,Victoria-Swan Lake,VitalStats_Status_Update_2026Q2.csv,2025-02-03,2026-06-10,Victoria-Swan Lake,0,1,0,0,0,0,0,0,1,2,duplicate_person_address; stale_record,1
SIM-VR-00912,Morgan,Demo,1943,8389 Douglas St,Victoria,V5T 3N4,48.451757,-123.38908,Active,Oak Bay-Gordon Head,VitalStats_Status_Update_2026Q2.csv,2025-03-22,2026-06-06,Victoria-Swan Lake,0,1,0,0,0,0,0,1,1,3,duplicate_person_address; district_mismatch; stale_record,1
SIM-VR-00913,Parker,Mock,1995,1471 Douglas St,Saanich,V5P 5R4,48.484747,-123.359675,Active,Saanich South,Online_Registration_Extract_2026Q2.csv,2024-07-20,2026-05-30,Saanich South,0,1,0,0,0,0,0,0,1,2,duplicate_person_address; stale_record,1
SIM-VR-00914,Reese,Training,1981,4014 Cedar Hill Rd,Victoria,V6R 7V0,48.418458,-123.368409,Active,Victoria-Beacon Hill,Contact_Centre_Update_2026Q2.csv,2024-11-06,2026-06-23,Victoria-Beacon Hill,0,1,0,0,0,0,0,0,1,2,duplicate_person_address; stale_record,1
SIM-VR-00915,Cameron,Practice,1988,2600 Bay St,Victoria,V3R 2Y9,48.458622,-123.364149,Active,Victoria-Swan Lake,Online_Registration_Extract_2026Q2.csv,2025-07-13,2026-06-22,Victoria-Swan Lake,0,1,0,0,0,0,0,0,0,1,duplicate_person_address,1
SIM-VR-00916,Alex,Example,1995,3446 Bay St,Oak Bay,V8C 6B4,48.425308,-123.294089,Active,Oak Bay-Gordon Head,Online_Registration_Extract_2026Q2.csv,2025-01-24,2026-06-04,Oak Bay-Gordon Head,0,1,0,0,0,0,0,0,1,2,duplicate_person_address; stale_record,1
SIM-VR-00917,Alex,Placeholder,2003,8636 Shelbourne St,Oak Bay,V8E 4R8,48.454966,-123.312178,Active,Oak Bay-Gordon Head,VitalStats_Status_Update_2026Q2.csv,2024-07-08,2026-06-01,Oak Bay-Gordon Head,0,1,0,0,0,0,0,0,1,2,duplicate_person_address; stale_record,1
SIM-VR-00918,Reese,Public,1942,1988 Fort St,Victoria,V4P 9A4,48.414373,-123.367546,Active,Victoria-Beacon Hill,Federal_Electors_Extract_2026Q2.csv,2024-10-13,2026-06-10,Victoria-Beacon Hill,0,1,0,0,0,0,0,0,1,2,duplicate_person_address; stale_record,1
SIM-VR-00919,Riley,Test,1945,8375 Cedar Hill Rd,Esquimalt,V1N 0B7,48.449509,-123.449389,Active,Esquimalt-Metchosin,Contact_Centre_Update_2026Q2.csv,2026-04-03,2026-05-29,Esquimalt-Metchosin,0,1,0,0,0,0,0,0,0,1,duplicate_person_address,1
SIM-VR-00920,Taylor,Test,1984,9074 Shelbourne St,Saanich,V6B 9P2,48.495364,-123.375381,Active,Saanich South,Federal_Electors_Extract_2026Q2.csv,2026-01-03,2026-06-25,Saanich South,0,1,0,0,0,0,0,0,0,1,duplicate_person_address,1
SIM-VR-00921,Morgan,Training,1965,4466 Cedar Hill Rd,Esquimalt,12345,48.43307,-123.427678,Active,Esquimalt-Metchosin,Online_Registration_Extract_2026Q2.csv,2024-08-30,2026-06-19,Esquimalt-Metchosin,0,1,0,1,0,0,0,0,1,3,duplicate_person_address; invalid_postal_code; stale_record,1
SIM-VR-00922,Hayden,Example,2006,3300 Fort St,Oak Bay,V9R 0A9,48.462078,-123.295747,Active,Oak Bay-Gordon Head,Online_Registration_Extract_2026Q2.csv,2025-07-17,2026-06-05,Oak Bay-Gordon Head,0,1,0,0,0,0,0,0,0,1,duplicate_person_address,1
SIM-VR-00923,Rowan,Practice,1945,3129 Admirals Rd,Victoria,V6X 0B2,48.409768,-123.373099,Active,Victoria-Beacon Hill,ICBC_Address_Update_2026Q2.csv,2025-08-15,2026-06-21,Victoria-Beacon Hill,0,1,0,0,0,0,0,0,0,1,duplicate_person_address,1
SIM-VR-00924,Avery,Public,1987,7090 Fort St,Oak Bay,V7H 5P8,48.450547,-123.287389,Active,Oak Bay-Gordon Head,ICBC_Address_Update_2026Q2.csv,2024-10-07,2026-05-29,Oak Bay-Gordon Head,0,1,0,0,0,0,0,0,1,2,duplicate_person_address; stale_record,1
SIM-VR-00925,Casey,Practice,1999,4823 Tillicum Rd,Victoria,V0B 3Y8,48.452738,-123.366805,Active,Victoria-Swan Lake,Contact_Centre_Update_2026Q2.csv,2025-09-15,2026-06-21,Victoria-Swan Lake,0,1,0,0,0,0,0,0,0,1,duplicate_person_address,1
SIM-VR-00926,Reese,Public,1994,8220 Bay St,Victoria,V7J 0C9,48.438648,-123.375721,Active,Victoria-Swan Lake,Online_Registration_Extract_2026Q2.csv,2024-11-23,2026-06-23,Victoria-Swan Lake,0,1,0,0,0,0,0,0,1,2,duplicate_person_address; stale_record,1
